{   "parent": "block/block",
    "display": {
        "gui": {
            "rotation": [ 30, 135, 0 ],
            "translation": [ 0, 0, 0],
            "scale":[ 0.625, 0.625, 0.625 ]
        },
        "fixed": {
            "rotation": [ 0, 90, 0 ],
            "translation": [ 0, 0, 0],
            "scale":[ 0.5, 0.5, 0.5 ]
        }
    },
    "ambientocclusion": false,
    "textures": {
        "particle": "#texture"
    },
	"elements": [
		{
			"name": "Left post",
			"from": [6, 0, 0],
			"to": [10, 16, 4],
			"faces": {
				"north": {"uv": [6, 0, 10, 16], "texture": "#post"},
				"east": {"uv": [6, 0, 10, 16], "texture": "#post"},
				"south": {"uv": [6, 0, 10, 16], "texture": "#post"},
				"west": {"uv": [6, 0, 10, 16], "texture": "#post"},
				"up": {"uv": [12, 12, 16, 16], "texture": "#post"},
				"down": {"uv": [12, 12, 16, 16], "texture": "#post", "cullface": "down"}
			}
		},
		{
			"name": "Right post",
			"from": [6, 0, 12],
			"to": [10, 16, 16],
			"faces": {
				"north": {"uv": [6, 0, 10, 16], "texture": "#post"},
				"east": {"uv": [6, 0, 10, 16], "texture": "#post"},
				"south": {"uv": [6, 0, 10, 16], "texture": "#post"},
				"west": {"uv": [6, 0, 10, 16], "texture": "#post"},
				"up": {"uv": [12, 12, 16, 16], "texture": "#post"},
				"down": {"uv": [12, 12, 16, 16], "texture": "#post", "cullface": "down"}
			}
		},
		{
			"name": "Top bar",
			"from": [7, 12, 0],
			"to": [9, 15, 16],
			"faces": {
				"north": {"uv": [0, 0, 0, 0], "texture": "#side"},
				"east": {"uv": [10, 2, 11, 5], "texture": "#side"},
				"south": {"uv": [0, 0, 0, 0], "texture": "#side"},
				"west": {"uv": [10, 2, 11, 5], "texture": "#side"},
				"up": {"uv": [10, 0, 11, 2], "texture": "#side"},
				"down": {"uv": [10, 5, 11, 7], "texture": "#side"}
			}
		},
		{
			"name": "Top bar left",
			"from": [7, 12, -2],
			"to": [9, 15, 0],
			"faces": {
				"north": {"uv": [10, 2, 11, 5], "texture": "#side"},
				"east": {"uv": [10, 2, 11, 5], "texture": "#side"},
				"south": {"uv": [0, 0, 0, 0], "texture": "#side"},
				"west": {"uv": [10, 2, 11, 5], "texture": "#side"},
				"up": {"uv": [10, 0, 11, 2], "texture": "#side"},
				"down": {"uv": [10, 5, 11, 7], "texture": "#side"}
			}
		},
		{
			"name": "Top bar right",
			"from": [7, 12, 16],
			"to": [9, 15, 18],
			"faces": {
				"north": {"uv": [0, 0, 0, 0], "texture": "#side"},
				"east": {"uv": [10, 2, 11, 5], "texture": "#side"},
				"south": {"uv": [10, 2, 11, 5], "texture": "#side"},
				"west": {"uv": [10, 2, 11, 5], "texture": "#side"},
				"up": {"uv": [10, 0, 11, 2], "texture": "#side"},
				"down": {"uv": [10, 5, 11, 7], "texture": "#side"}
			}
		},
		{
			"name": "Lower bar",
			"from": [7, 6, 0],
			"to": [9, 9, 16],
			"faces": {
				"north": {"uv": [0, 0, 0, 0], "texture": "#side"},
				"east": {"uv": [10, 2, 11, 5], "texture": "#side"},
				"south": {"uv": [0, 0, 0, 0], "texture": "#side"},
				"west": {"uv": [10, 2, 11, 5], "texture": "#side"},
				"up": {"uv": [10, 0, 11, 2], "texture": "#side"},
				"down": {"uv": [10, 5, 11, 7], "texture": "#side"}
			}
		},
		{
			"name": "Lower bar left",
			"from": [7, 6, -2],
			"to": [9, 9, 0],
			"faces": {
				"north": {"uv": [10, 2, 11, 5], "texture": "#side"},
				"east": {"uv": [10, 2, 11, 5], "texture": "#side"},
				"south": {"uv": [0, 0, 0, 0], "texture": "#side"},
				"west": {"uv": [10, 2, 11, 5], "texture": "#side"},
				"up": {"uv": [10, 0, 11, 2], "texture": "#side"},
				"down": {"uv": [10, 5, 11, 7], "texture": "#side"}
			}
		},
		{
			"name": "Lower bar right",
			"from": [7, 6, 16],
			"to": [9, 9, 18],
			"faces": {
				"north": {"uv": [0, 0, 0, 0], "texture": "#side"},
				"east": {"uv": [10, 2, 11, 5], "texture": "#side"},
				"south": {"uv": [10, 2, 11, 5], "texture": "#side"},
				"west": {"uv": [10, 2, 11, 5], "texture": "#side"},
				"up": {"uv": [10, 0, 11, 2], "texture": "#side"},
				"down": {"uv": [10, 5, 11, 7], "texture": "#side"}
			}
		}
	]
	}
}