{
	"credit": "Made with Blockbench",
	"ambientocclusion": false,
	"textures": {
		"1": "block/iron_door_top",
		"particle": "block/iron_door_top"
	},
	"elements": [
		{
			"from": [0, 0, 0],
			"to": [3, 16, 4],
			"faces": {
				"north": {"uv": [3, 0, 0, 16], "texture": "#1"},
				"east": {"uv": [12, 0, 16, 16], "texture": "#1"},
				"south": {"uv": [1, 0, 4, 16], "texture": "#1"},
				"west": {"uv": [16, 0, 12, 16], "texture": "#1"},
				"up": {"uv": [4, 1, 0, 2], "rotation": 270, "texture": "#1"},
				"down": {"uv": [4, 4, 5, 5], "rotation": 270, "texture": "#1"}
			}
		},
		{
			"from": [0, 0, 12],
			"to": [3, 16, 16],
			"rotation": {"angle": 0, "axis": "y", "origin": [8, 8, 22]},
			"faces": {
				"north": {"uv": [16, 0, 13, 16], "texture": "#1"},
				"east": {"uv": [0, 0, 4, 16], "texture": "#1"},
				"south": {"uv": [0, 0, 3, 16], "texture": "#1"},
				"west": {"uv": [4, 0, 0, 16], "texture": "#1"},
				"up": {"uv": [12, 1, 16, 2], "rotation": 90, "texture": "#1"},
				"down": {"uv": [4, 4, 5, 5], "rotation": 270, "texture": "#1"}
			}
		},
		{
			"from": [0, 12, 4],
			"to": [3, 16, 12],
			"rotation": {"angle": 0, "axis": "y", "origin": [8, 20, 14]},
			"faces": {
				"north": {"uv": [0, 6, 3, 10], "texture": "#1"},
				"east": {"uv": [4, 0, 12, 4], "texture": "#1"},
				"south": {"uv": [0, 6, 4, 10], "texture": "#1"},
				"west": {"uv": [4, 0, 12, 4], "texture": "#1"},
				"up": {"uv": [5, 1, 11, 3], "rotation": 270, "texture": "#1"},
				"down": {"uv": [4, 1, 12, 4], "rotation": 270, "texture": "#1"}
			}
		},
		{
			"from": [0, 0, 4],
			"to": [3, 9, 12],
			"rotation": {"angle": 0, "axis": "y", "origin": [8, 9, 14]},
			"faces": {
				"north": {"uv": [0, 6, 3, 10], "texture": "#1"},
				"east": {"uv": [4, 7, 12, 16], "texture": "#1"},
				"south": {"uv": [0, 6, 4, 10], "texture": "#1"},
				"west": {"uv": [12, 7, 4, 16], "texture": "#1"},
				"up": {"uv": [4, 7, 12, 10], "rotation": 270, "texture": "#1"},
				"down": {"uv": [4, 4, 5, 5], "rotation": 270, "texture": "#1"}
			}
		},
		{
			"from": [1, 9, 7.5],
			"to": [2, 12, 8.5],
			"rotation": {"angle": 0, "axis": "y", "origin": [9, 17, 20]},
			"faces": {
				"north": {"uv": [5, 3, 6, 6], "texture": "#1"},
				"east": {"uv": [5, 3, 6, 6], "texture": "#1"},
				"south": {"uv": [5, 3, 6, 6], "texture": "#1"},
				"west": {"uv": [5, 3, 6, 6], "texture": "#1"},
				"up": {"uv": [4, 4, 5, 5], "texture": "#1"},
				"down": {"uv": [4, 4, 5, 5], "texture": "#1"}
			}
		},
		{
			"from": [1, 9, 5.25],
			"to": [2, 12, 6.25],
			"rotation": {"angle": 0, "axis": "y", "origin": [9, 17, 18]},
			"faces": {
				"north": {"uv": [5, 3, 6, 6], "texture": "#1"},
				"east": {"uv": [5, 3, 6, 6], "texture": "#1"},
				"south": {"uv": [5, 3, 6, 6], "texture": "#1"},
				"west": {"uv": [5, 3, 6, 6], "texture": "#1"},
				"up": {"uv": [4, 4, 5, 5], "texture": "#1"},
				"down": {"uv": [4, 4, 5, 5], "texture": "#1"}
			}
		},
		{
			"from": [1, 9, 9.75],
			"to": [2, 12, 10.75],
			"rotation": {"angle": 0, "axis": "y", "origin": [9, 17, 22]},
			"faces": {
				"north": {"uv": [5, 3, 6, 6], "texture": "#1"},
				"east": {"uv": [5, 3, 6, 6], "texture": "#1"},
				"south": {"uv": [5, 3, 6, 6], "texture": "#1"},
				"west": {"uv": [5, 3, 6, 6], "texture": "#1"},
				"up": {"uv": [4, 4, 5, 5], "texture": "#1"},
				"down": {"uv": [4, 4, 5, 5], "texture": "#1"}
			}
		}
	]
}