{
	"credit": "Made with Blockbench",
	"parent": "block/thin_block",
	"textures": {
		"0": "block/mangrove_trapdoor",
		"1": "block/mangrove_trapdoor_sides",
		"particle": "block/mangrove_trapdoor"
	},
	"elements": [
		{
			"name": "top",
			"from": [0, 11, 13],
			"to": [16, 16, 16],
			"faces": {
				"north": {"uv": [16, 0, 0, 5], "texture": "#0"},
				"east": {"uv": [11, 4, 16, 7], "rotation": 270, "texture": "#1"},
				"south": {"uv": [0, 0, 16, 5], "texture": "#0"},
				"west": {"uv": [0, 12, 5, 15], "rotation": 90, "texture": "#1"},
				"up": {"uv": [0, 0, 16, 3], "rotation": 180, "texture": "#1"},
				"down": {"uv": [1, 0, 9, 3], "texture": "#1"}
			}
		},
		{
			"name": "left bit",
			"from": [0, 5, 13],
			"to": [5, 11, 16],
			"faces": {
				"north": {"uv": [5, 5, 0, 11], "texture": "#0"},
				"east": {"uv": [3, 12, 9, 15], "rotation": 270, "texture": "#1"},
				"south": {"uv": [0, 5, 5, 11], "texture": "#0"},
				"west": {"uv": [5, 12, 11, 15], "rotation": 90, "texture": "#1"},
				"up": {"uv": [0, 0, 5, 3], "rotation": 180, "texture": "#particle", "cullface": "up"},
				"down": {"uv": [0, 0, 5, 3], "texture": "#particle", "cullface": "down"}
			}
		},
		{
			"name": "right bit",
			"from": [11, 5, 13],
			"to": [16, 11, 16],
			"faces": {
				"north": {"uv": [16, 5, 11, 11], "texture": "#0"},
				"east": {"uv": [5, 4, 11, 7], "rotation": 270, "texture": "#1"},
				"south": {"uv": [11, 5, 16, 11], "texture": "#0"},
				"west": {"uv": [3, 4, 9, 7], "rotation": 90, "texture": "#1"},
				"up": {"uv": [0, 0, 5, 3], "rotation": 180, "texture": "#particle", "cullface": "up"},
				"down": {"uv": [0, 0, 5, 3], "texture": "#particle", "cullface": "down"}
			}
		},
		{
			"name": "bottom",
			"from": [0, 0, 13],
			"to": [16, 5, 16],
			"faces": {
				"north": {"uv": [16, 11, 0, 16], "texture": "#0"},
				"east": {"uv": [0, 4, 5, 7], "rotation": 270, "texture": "#1"},
				"south": {"uv": [0, 11, 16, 16], "texture": "#0"},
				"west": {"uv": [11, 12, 16, 15], "rotation": 90, "texture": "#1"},
				"up": {"uv": [1, 8, 9, 11], "rotation": 180, "texture": "#1"},
				"down": {"uv": [0, 8, 16, 11], "texture": "#1"}
			}
		}
	]
}