{
	"credit": "Made with Blockbench",
	"ambientocclusion": false,
	"textures": {
		"1": "block/mangrove_door_top",
		"particle": "block/mangrove_door_top"
	},
	"elements": [
		{
			"from": [0, 0, 0],
			"to": [3, 16, 6],
			"faces": {
				"north": {"uv": [0, 4, 3, 14], "texture": "#1"},
				"east": {"uv": [6, 0, 0, 16], "texture": "#1"},
				"south": {"uv": [2, 0, 5, 16], "texture": "#1"},
				"west": {"uv": [0, 0, 6, 16], "texture": "#1"},
				"up": {"uv": [13, 0, 7, 3], "rotation": 270, "texture": "#1"},
				"down": {"uv": [8, 8, 9, 9], "rotation": 270, "texture": "#1"}
			}
		},
		{
			"from": [0, 0, 11],
			"to": [3, 16, 16],
			"rotation": {"angle": 0, "axis": "y", "origin": [8, 8, 22]},
			"faces": {
				"north": {"uv": [16, 0, 13, 16], "texture": "#1"},
				"east": {"uv": [16, 0, 11, 16], "texture": "#1"},
				"south": {"uv": [12, 0, 15, 16], "texture": "#1"},
				"west": {"uv": [11, 0, 16, 16], "texture": "#1"},
				"up": {"uv": [7, 0, 12, 3], "rotation": 270, "texture": "#1"},
				"down": {"uv": [8, 8, 9, 9], "rotation": 270, "texture": "#1"}
			}
		},
		{
			"from": [0, 11, 6],
			"to": [3, 16, 11],
			"rotation": {"angle": 0, "axis": "y", "origin": [8, 20, 14]},
			"faces": {
				"north": {"uv": [8, 8, 9, 9], "texture": "#1"},
				"east": {"uv": [11, 0, 6, 5], "texture": "#1"},
				"south": {"uv": [8, 8, 9, 9], "texture": "#1"},
				"west": {"uv": [6, 0, 11, 5], "texture": "#1"},
				"up": {"uv": [11, 0, 6, 3], "rotation": 270, "texture": "#1"},
				"down": {"uv": [6, 2, 11, 5], "rotation": 270, "texture": "#1"}
			}
		},
		{
			"from": [0, 5, 7],
			"to": [3, 6, 11],
			"rotation": {"angle": 0, "axis": "y", "origin": [8, 9, 14]},
			"faces": {
				"north": {"uv": [7, 10, 11, 11], "texture": "#1"},
				"east": {"uv": [11, 10, 7, 11], "texture": "#1"},
				"west": {"uv": [7, 10, 11, 11], "texture": "#1"},
				"up": {"uv": [7, 11, 11, 12], "rotation": 270, "texture": "#1"},
				"down": {"uv": [8, 8, 9, 9], "rotation": 270, "texture": "#1", "cullface": "down"}
			}
		},
		{
			"from": [0, 9, 6],
			"to": [3, 11, 10],
			"rotation": {"angle": 0, "axis": "y", "origin": [8, 9, 14]},
			"faces": {
				"north": {"uv": [8, 8, 9, 9], "texture": "#1"},
				"east": {"uv": [10, 5, 6, 7], "texture": "#1"},
				"south": {"uv": [7, 11, 11, 12], "texture": "#1"},
				"west": {"uv": [6, 5, 10, 7], "texture": "#1"},
				"up": {"uv": [8, 8, 9, 9], "rotation": 270, "texture": "#1"},
				"down": {"uv": [6, 6, 10, 7], "rotation": 270, "texture": "#1", "cullface": "down"}
			}
		},
		{
			"from": [0, 8, 6],
			"to": [3, 9, 7],
			"rotation": {"angle": 0, "axis": "y", "origin": [8, 9, 14]},
			"faces": {
				"north": {"uv": [8, 8, 9, 9], "texture": "#1"},
				"east": {"uv": [7, 7, 6, 8], "texture": "#1"},
				"south": {"uv": [6, 6, 10, 7], "texture": "#1"},
				"west": {"uv": [6, 7, 7, 8], "texture": "#1"},
				"up": {"uv": [8, 8, 9, 9], "rotation": 270, "texture": "#1"},
				"down": {"uv": [6, 6, 10, 7], "rotation": 270, "texture": "#1", "cullface": "down"}
			}
		},
		{
			"from": [0, 0, 6],
			"to": [3, 5, 11],
			"rotation": {"angle": 0, "axis": "y", "origin": [8, 9, 14]},
			"faces": {
				"north": {"uv": [8, 8, 9, 9], "texture": "#1"},
				"east": {"uv": [11, 11, 6, 16], "texture": "#1"},
				"south": {"uv": [8, 8, 9, 9], "texture": "#1"},
				"west": {"uv": [6, 11, 11, 16], "texture": "#1"},
				"up": {"uv": [5, 2, 11, 5], "rotation": 270, "texture": "#1"},
				"down": {"uv": [8, 8, 9, 9], "rotation": 270, "texture": "#1"}
			}
		}
	]
}