{
	"parent": "block/thin_block",
	"textures": {
		"hangy": "block/moss_hangy",
		"particle": "block/moss_block",
		"moss": "block/moss_block"
	},
	"elements": [
		{
			"from": [0, 0, 0],
			"to": [16, 1, 16],
			"faces": {
				"down": {"uv": [0, 0, 16, 16], "texture": "#moss", "cullface": "down"}
			}
		},
		{
			"from": [-0.0625, -3, -0.0625],
			"to": [16.0625, 1, 16.0625],
			"faces": {
				"north": {"uv": [0, 4, 16, 8], "texture": "#hangy", "cullface": "north"},
				"east": {"uv": [0, 8, 16, 12], "texture": "#hangy", "cullface": "east"},
				"south": {"uv": [0, 12, 16, 16], "texture": "#hangy", "cullface": "south"},
				"west": {"uv": [0, 0, 16, 4], "texture": "#hangy", "cullface": "west"},
				"up": {"uv": [0, 0, 16, 16], "texture": "#moss"}
			}
		}
	]
}