{
	"credit": "Made with Blockbench",
	"parent": "block/thin_block",
	"textures": {
		"1": "block/warped_trapdoor_sides",
		"particle": "block/warped_trapdoor",
		"trapdoor": "block/warped_trapdoor"
	},
	"elements": [
		{
			"name": "top",
			"from": [0, 13, 0],
			"to": [16, 16, 3],
			"faces": {
				"north": {"uv": [0, 0, 16, 3], "texture": "#1"},
				"east": {"uv": [13, 12, 16, 15], "texture": "#1"},
				"south": {"uv": [0, 12, 16, 15], "texture": "#1"},
				"west": {"uv": [0, 8, 3, 11], "texture": "#1"},
				"up": {"uv": [0, 0, 16, 3], "texture": "#trapdoor"},
				"down": {"uv": [16, 0, 0, 3], "rotation": 180, "texture": "#trapdoor"}
			}
		},
		{
			"name": "left bit",
			"from": [0, 13, 3],
			"to": [3, 16, 13],
			"faces": {
				"north": {"uv": [0, 0, 5, 3], "texture": "#trapdoor"},
				"east": {"uv": [3, 12, 13, 15], "texture": "#1"},
				"south": {"uv": [0, 0, 5, 3], "texture": "#trapdoor"},
				"west": {"uv": [3, 8, 13, 11], "texture": "#1"},
				"up": {"uv": [13, 3, 16, 13], "texture": "#trapdoor"},
				"down": {"uv": [0, 3, 3, 13], "texture": "#trapdoor"}
			}
		},
		{
			"name": "right bit",
			"from": [13, 13, 3],
			"to": [16, 16, 13],
			"faces": {
				"north": {"uv": [0, 0, 5, 3], "texture": "#trapdoor"},
				"east": {"uv": [3, 12, 13, 15], "texture": "#1"},
				"south": {"uv": [0, 0, 5, 3], "texture": "#trapdoor"},
				"west": {"uv": [3, 4, 13, 7], "texture": "#1"},
				"up": {"uv": [0, 3, 3, 13], "texture": "#trapdoor"},
				"down": {"uv": [0, 3, 3, 13], "texture": "#trapdoor"}
			}
		},
		{
			"name": "bottom",
			"from": [0, 13, 13],
			"to": [16, 16, 16],
			"faces": {
				"north": {"uv": [0, 4, 16, 7], "texture": "#1"},
				"east": {"uv": [0, 12, 3, 15], "texture": "#1"},
				"south": {"uv": [0, 12, 16, 15], "texture": "#1"},
				"west": {"uv": [13, 8, 16, 11], "texture": "#1"},
				"up": {"uv": [0, 13, 16, 16], "texture": "#trapdoor"},
				"down": {"uv": [16, 13, 0, 16], "rotation": 180, "texture": "#trapdoor"}
			}
		},
		{
			"name": "mid bit",
			"from": [9, 13.5, 3],
			"to": [11, 15.5, 7],
			"faces": {
				"north": {"uv": [0, 0, 2, 2], "texture": "#trapdoor"},
				"east": {"uv": [5, 9, 6, 13], "rotation": 270, "texture": "#trapdoor"},
				"west": {"uv": [5, 9, 6, 13], "rotation": 90, "texture": "#trapdoor"},
				"up": {"uv": [5, 9, 7, 13], "rotation": 180, "texture": "#trapdoor"},
				"down": {"uv": [7, 9, 5, 13], "texture": "#trapdoor"}
			}
		},
		{
			"name": "mid bit",
			"from": [5, 13.5, 3],
			"to": [7, 15.5, 7],
			"faces": {
				"north": {"uv": [0, 0, 2, 2], "texture": "#trapdoor"},
				"east": {"uv": [9, 9, 10, 13], "rotation": 270, "texture": "#trapdoor"},
				"south": {"uv": [9, 9, 11, 10], "texture": "#trapdoor"},
				"west": {"uv": [10, 9, 11, 13], "rotation": 90, "texture": "#trapdoor"},
				"up": {"uv": [9, 9, 11, 13], "rotation": 180, "texture": "#trapdoor"},
				"down": {"uv": [11, 9, 9, 13], "texture": "#trapdoor"}
			}
		},
		{
			"name": "mid bit",
			"from": [4, 13.5, 7],
			"to": [6, 15.5, 10],
			"faces": {
				"north": {"uv": [10, 7, 12, 9], "texture": "#trapdoor"},
				"east": {"uv": [10, 6, 11, 9], "rotation": 270, "texture": "#trapdoor"},
				"south": {"uv": [9, 9, 11, 10], "texture": "#trapdoor"},
				"west": {"uv": [11, 6, 12, 9], "rotation": 90, "texture": "#trapdoor"},
				"up": {"uv": [10, 6, 12, 9], "rotation": 180, "texture": "#trapdoor"},
				"down": {"uv": [12, 6, 10, 9], "texture": "#trapdoor"}
			}
		},
		{
			"name": "mid bit",
			"from": [5, 13.5, 10],
			"to": [7, 15.5, 13],
			"faces": {
				"north": {"uv": [10, 7, 12, 9], "texture": "#trapdoor"},
				"east": {"uv": [9, 3, 10, 6], "rotation": 270, "texture": "#trapdoor"},
				"south": {"uv": [9, 9, 11, 10], "texture": "#trapdoor"},
				"west": {"uv": [10, 3, 11, 6], "rotation": 90, "texture": "#trapdoor"},
				"up": {"uv": [9, 3, 11, 6], "rotation": 180, "texture": "#trapdoor"},
				"down": {"uv": [11, 3, 9, 6], "texture": "#trapdoor"}
			}
		},
		{
			"name": "mid bit",
			"from": [6, 13.5, 9],
			"to": [7, 15.5, 10],
			"faces": {
				"north": {"uv": [9, 6, 10, 7], "texture": "#trapdoor"},
				"east": {"uv": [9, 6, 10, 7], "rotation": 270, "texture": "#trapdoor"},
				"south": {"uv": [9, 9, 11, 10], "texture": "#trapdoor"},
				"west": {"uv": [10, 3, 11, 6], "rotation": 90, "texture": "#trapdoor"},
				"up": {"uv": [9, 6, 10, 7], "rotation": 180, "texture": "#trapdoor"},
				"down": {"uv": [10, 6, 9, 7], "texture": "#trapdoor"}
			}
		},
		{
			"name": "mid bit",
			"from": [10, 13.5, 9],
			"to": [12, 15.5, 11],
			"faces": {
				"east": {"uv": [4, 5, 5, 7], "rotation": 270, "texture": "#trapdoor"},
				"south": {"uv": [0, 0, 2, 2], "texture": "#trapdoor"},
				"west": {"uv": [5, 5, 6, 7], "rotation": 90, "texture": "#trapdoor"},
				"up": {"uv": [4, 5, 6, 7], "rotation": 180, "texture": "#trapdoor"},
				"down": {"uv": [4, 5, 6, 7], "rotation": 180, "texture": "#trapdoor"}
			}
		},
		{
			"name": "mid bit",
			"from": [9, 13.5, 7],
			"to": [12, 15.5, 9],
			"faces": {
				"north": {"uv": [4, 8, 5, 9], "texture": "#trapdoor"},
				"east": {"uv": [4, 5, 5, 7], "rotation": 270, "texture": "#trapdoor"},
				"south": {"uv": [0, 0, 2, 2], "texture": "#trapdoor"},
				"west": {"uv": [5, 5, 6, 7], "rotation": 90, "texture": "#trapdoor"},
				"up": {"uv": [4, 7, 7, 9], "rotation": 180, "texture": "#trapdoor"},
				"down": {"uv": [4, 9, 7, 7], "rotation": 180, "texture": "#trapdoor"}
			}
		},
		{
			"name": "mid bit",
			"from": [9, 13.5, 11],
			"to": [12, 15.5, 13],
			"faces": {
				"north": {"uv": [6, 4, 7, 5], "texture": "#trapdoor"},
				"east": {"uv": [5, 3, 6, 5], "rotation": 270, "texture": "#trapdoor"},
				"south": {"uv": [0, 0, 2, 2], "texture": "#trapdoor"},
				"west": {"uv": [6, 3, 7, 5], "rotation": 90, "texture": "#trapdoor"},
				"up": {"uv": [4, 3, 7, 5], "rotation": 180, "texture": "#trapdoor"},
				"down": {"uv": [7, 3, 4, 5], "texture": "#trapdoor"}
			}
		}
	]
}