{
  "providers": [
    {
      "type": "bitmap",
      "file": "minecraft:gui/titlebar.png",
      "ascent": -2,
      "height": 32,
      "chars": [
        "ꡑꡒ",
        "ꡓꡔ"
      ]
    },
    {
      "type": "bitmap",
      "file": "minecraft:gui/titlebar.png",
      "ascent": -2,
      "height": 64,
      "chars": [
        "ꡡꡢ",
        "ꡣꡤ"
      ]
    },
	{
      "type": "bitmap",
      "file": "minecraft:gui/titlebar.png",
      "ascent": 32,
      "height": 64,
      "chars": [
        "ꡥꡦ",
        "ꡧꡨ"
      ]
    },
	{
      "type": "bitmap",
      "file": "minecraft:gui/pixel_split.png",
      "ascent": -32768,
      "height": -3,
      "chars": [
        ""
      ]
    }
  ]
}