{
	"credit": "Created by Stridey",
	"textures": {
		"1": "block/acacia_trapdoor_sides",
		"particle": "block/acacia_trapdoor_south",
		"texture": "block/acacia_trapdoor_south"
	},
	"elements": [
		{
			"from": [0, 0, 13],
			"to": [16, 16, 16],
			"faces": {
				"north": {"uv": [0, 0, 16, 16], "texture": "#texture"},
				"east": {"uv": [0, 3, 16, 0], "rotation": 90, "texture": "#1", "cullface": "east"},
				"south": {"uv": [0, 0, 16, 16], "texture": "#texture", "cullface": "south"},
				"west": {"uv": [0, 3, 16, 0], "rotation": 90, "texture": "#1", "cullface": "west"},
				"up": {"uv": [16, 3, 0, 0], "texture": "#1", "cullface": "up"},
				"down": {"uv": [16, 6, 0, 3], "texture": "#1", "cullface": "down"}
			}
		}
	]
}