{
	"credit": "Created by Stridey",
	"textures": {
		"0": "block/beacon_glass",
		"1": "block/beacon_obsidian",
		"2": "block/glass",
		"3": "block/beacon",
		"particle": "block/beacon_glass"
	},
	"elements": [
		{
			"from": [0, 0, 0],
			"to": [16, 16, 16],
			"faces": {
				"north": {"uv": [0, 0, 16, 16], "texture": "#0", "cullface": "north"},
				"east": {"uv": [0, 0, 16, 16], "texture": "#0", "cullface": "east"},
				"south": {"uv": [0, 0, 16, 16], "texture": "#0", "cullface": "south"},
				"west": {"uv": [0, 0, 16, 16], "texture": "#0", "cullface": "west"},
				"up": {"uv": [0, 0, 16, 16], "texture": "#2", "cullface": "up"}
			}
		},
		{
			"from": [0, 0, 0],
			"to": [16, 3, 16],
			"faces": {
				"up": {"uv": [0, 0, 16, 16], "texture": "#1"},
				"down": {"uv": [0, 0, 16, 16], "texture": "#1", "cullface": "down"}
			}
		},
		{
			"from": [3, 4, 3],
			"to": [13, 14, 13],
			"faces": {
				"north": {"uv": [3, 3, 13, 13], "texture": "#3"},
				"east": {"uv": [3, 3, 13, 13], "texture": "#3"},
				"south": {"uv": [3, 3, 13, 13], "texture": "#3"},
				"west": {"uv": [3, 3, 13, 13], "texture": "#3"},
				"up": {"uv": [3, 3, 13, 13], "texture": "#3"}
			}
		}
	],
	"display": {
		"thirdperson_righthand": {
			"rotation": [75, 45, 0],
			"translation": [0, 2.5, 0],
			"scale": [0.375, 0.375, 0.375]
		},
		"thirdperson_lefthand": {
			"rotation": [75, 45, 0],
			"translation": [0, 2.5, 0],
			"scale": [0.375, 0.375, 0.375]
		},
		"firstperson_righthand": {
			"rotation": [0, 45, 0],
			"scale": [0.4, 0.4, 0.4]
		},
		"firstperson_lefthand": {
			"rotation": [0, 225, 0],
			"scale": [0.4, 0.4, 0.4]
		},
		"ground": {
			"translation": [0, 3, 0],
			"scale": [0.25, 0.25, 0.25]
		},
		"gui": {
			"rotation": [30, 225, 0],
			"scale": [0.625, 0.625, 0.625]
		},
		"fixed": {
			"scale": [0.5, 0.5, 0.5]
		}
	}
}