{
	"credit": "Created by Stridey",
	"parent": "block/thin_block",
	"textures": {
		"particle": "block/birch_trapdoor_north",
		"texture": "block/birch_trapdoor_north"
	},
	"elements": [
		{
			"from": [0, 0, 0],
			"to": [16, 3, 16],
			"faces": {
				"north": {"uv": [0, 0, 3, 16], "rotation": 90, "texture": "#texture", "cullface": "north"},
				"east": {"uv": [0, 0, 3, 16], "rotation": 90, "texture": "#texture", "cullface": "east"},
				"south": {"uv": [0, 0, 3, 16], "rotation": 90, "texture": "#texture", "cullface": "south"},
				"west": {"uv": [0, 0, 3, 16], "rotation": 90, "texture": "#texture", "cullface": "west"},
				"up": {"uv": [0, 0, 16, 16], "texture": "#texture"},
				"down": {"uv": [0, 0, 16, 16], "rotation": 180, "texture": "#texture", "cullface": "down"}
			}
		}
	]
}