{
	"credit": "Created by Stridey",
	"textures": {
		"1": "block/brewing_stand_bottle",
		"particle": "block/brewing_stand",
		"stand": "block/brewing_stand"
	},
	"elements": [
		{
			"name": "stand_arm",
			"from": [8, 0, 8],
			"to": [16, 16, 8],
			"faces": {
				"north": {"uv": [0, 0, 8, 16], "texture": "#stand"},
				"south": {"uv": [8, 0, 0, 16], "texture": "#stand"}
			}
		},
		{
			"name": "stand_arm",
			"from": [11.5, 2, 6],
			"to": [15.5, 7, 10],
			"faces": {
				"north": {"uv": [7, 0, 3, 5], "texture": "#1"},
				"east": {"uv": [7, 0, 3, 5], "texture": "#1"},
				"south": {"uv": [7, 0, 3, 5], "texture": "#1"},
				"west": {"uv": [7, 0, 3, 5], "texture": "#1"},
				"up": {"uv": [11, 0, 7, 4], "texture": "#1"},
				"down": {"uv": [15, 0, 11, 4], "texture": "#1"}
			}
		},
		{
			"name": "stand_arm",
			"from": [12, 7, 6.5],
			"to": [15, 9, 9.5],
			"faces": {
				"north": {"uv": [3, 4, 0, 6], "texture": "#1"},
				"east": {"uv": [3, 4, 0, 6], "texture": "#1"},
				"south": {"uv": [3, 4, 0, 6], "texture": "#1"},
				"west": {"uv": [3, 4, 0, 6], "texture": "#1"}
			}
		},
		{
			"name": "stand_arm",
			"from": [11.9, 7.9, 6.4],
			"to": [15.1, 9.1, 9.6],
			"faces": {
				"north": {"uv": [3, 3, 0, 4], "texture": "#1"},
				"east": {"uv": [3, 3, 0, 4], "texture": "#1"},
				"south": {"uv": [3, 3, 0, 4], "texture": "#1"},
				"west": {"uv": [3, 3, 0, 4], "texture": "#1"},
				"up": {"uv": [3, 0, 0, 3], "texture": "#1"}
			}
		}
	]
}