{
	"credit": "Created by Stridey",
	"parent": "block/cube_all",
	"textures": {
		"sides": "block/cut_red_sandstone_slab_side",
		"ends": "block/cut_red_sandstone",
		"particle": "block/cut_red_sandstone_slab_side"
	},
	"elements": [
		{
			"from": [0, 0, 0],
			"to": [16, 16, 16],
			"faces": {
				"north": {"uv": [0, 0, 16, 16], "texture": "#sides", "cullface": "north" },
				"east": {"uv": [0, 0, 16, 16], "texture": "#sides", "cullface": "east" },
				"south": {"uv": [0, 0, 16, 16], "texture": "#sides", "cullface": "south" },
				"west": {"uv": [0, 0, 16, 16], "texture": "#sides", "cullface": "west" },
				"up": {"uv": [0, 0, 16, 16], "texture": "#ends", "cullface": "up" },
				"down": {"uv": [0, 0, 16, 16], "texture": "#ends", "cullface": "down" }
			}
		}
	],
	"display": {}
}