{
	"credit": "Made with Blockbench",
	"ambientocclusion": false,
	"textures": {
		"1": "block/detector_rail_on",
		"particle": "block/detector_rail_on"
	},
	"elements": [
		{
			"from": [0, 9, 0],
			"to": [16, 9, 16],
			"rotation": {"angle": -45, "axis": "x", "origin": [8, 9, 8], "rescale": true},
			"faces": {
				"up": {"uv": [0, 0, 16, 16], "texture": "#1"},
				"down": {"uv": [0, 16, 16, 0], "texture": "#1"}
			}
		},
		{
			"from": [12, 8, 0],
			"to": [14, 10, 16],
			"rotation": {"angle": -45, "axis": "x", "origin": [8, 9, 8], "rescale": true},
			"faces": {
				"north": {"uv": [2, 0, 4, 2], "texture": "#1"},
				"east": {"uv": [2, 0, 4, 16], "rotation": 90, "texture": "#1"},
				"south": {"uv": [12, 2, 14, 4], "rotation": 180, "texture": "#1"},
				"west": {"uv": [2, 0, 4, 16], "rotation": 90, "texture": "#1"},
				"up": {"uv": [12, 0, 14, 16], "texture": "#1"},
				"down": {"uv": [2, 16, 4, 0], "rotation": 180, "texture": "#1"}
			}
		},
		{
			"from": [2, 8, 0],
			"to": [4, 10, 16],
			"rotation": {"angle": -45, "axis": "x", "origin": [8, 9, 8], "rescale": true},
			"faces": {
				"north": {"uv": [12, 2, 14, 4], "texture": "#1"},
				"east": {"uv": [2, 0, 4, 16], "rotation": 90, "texture": "#1"},
				"south": {"uv": [12, 2, 14, 4], "rotation": 180, "texture": "#1"},
				"west": {"uv": [2, 0, 4, 16], "rotation": 90, "texture": "#1"},
				"up": {"uv": [2, 0, 4, 16], "texture": "#1"},
				"down": {"uv": [12, 16, 14, 0], "rotation": 180, "texture": "#1"}
			}
		},
		{
			"from": [5, 8, 5],
			"to": [11, 10, 11],
			"rotation": {"angle": -45, "axis": "x", "origin": [8, 9, 8], "rescale": true},
			"faces": {
				"north": {"uv": [2, 0, 4, 6], "rotation": 90, "texture": "#1"},
				"east": {"uv": [2, 0, 4, 6], "rotation": 90, "texture": "#1"},
				"south": {"uv": [2, 0, 4, 6], "rotation": 90, "texture": "#1"},
				"west": {"uv": [2, 0, 4, 6], "rotation": 90, "texture": "#1"},
				"up": {"uv": [5, 5, 11, 11], "rotation": 180, "texture": "#1"},
				"down": {"uv": [7, 9, 9, 7], "rotation": 180, "texture": "#1"}
			}
		}
	]
}