{
	"credit": "Created by Stridey",
	"textures": {
		"particle": "#fence",
		"fence": "#fence"
	},
	"elements": [
		{
			"name": "top bar",
			"from": [7, 12, 0],
			"to": [9, 15, 9],
			"faces": {
				"north": {"uv": [7, 0, 9, 3], "texture": "#fence", "cullface": "north"},
				"east": {"uv": [7, 0, 16, 3], "texture": "#fence"},
				"south": {"uv": [14, 0, 16, 3], "texture": "#fence"},
				"west": {"uv": [7, 0, 16, 3], "texture": "#fence"},
				"up": {"uv": [1, 0, 3, 9], "texture": "#fence"},
				"down": {"uv": [1, 0, 3, 9], "texture": "#fence"}
			}
		},
		{
			"name": "lower bar",
			"from": [7, 6, 0],
			"to": [9, 9, 9],
			"faces": {
				"north": {"uv": [7, 4, 9, 7], "texture": "#fence", "cullface": "north"},
				"east": {"uv": [7, 4, 16, 7], "texture": "#fence"},
				"south": {"uv": [14, 4, 16, 7], "texture": "#fence"},
				"west": {"uv": [7, 4, 16, 7], "texture": "#fence"},
				"up": {"uv": [1, 0, 3, 9], "texture": "#fence"},
				"down": {"uv": [1, 7, 3, 16], "texture": "#fence"}
			}
		}
	]
}