{
	"credit": "Made with Blockbench",
	"textures": {
		"particle": "block/bamboo_stalk",
		"all": "block/bamboo_stalk"
	},
	"elements": [
		{
			"from": [7, 0, 7],
			"to": [9, 16, 9],
			"faces": {
				"north": {"uv": [2, 0, 4, 16], "texture": "#all"},
				"east": {"uv": [2, 0, 4, 16], "texture": "#all"},
				"south": {"uv": [2, 0, 4, 16], "texture": "#all"},
				"west": {"uv": [2, 0, 4, 16], "texture": "#all"},
				"up": {"uv": [12, 0, 14, 2], "texture": "#all", "cullface": "up"},
				"down": {"uv": [10, 2, 12, 4], "texture": "#all", "cullface": "down"}
			}
		}
	]
}