{
	"credit": "Made with Blockbench",
	"ambientocclusion": false,
	"textures": {
		"top": "block/cauldron_top",
		"bottom": "block/cauldron_bottom",
		"particle": "block/cauldron_side",
		"side": "block/cauldron_side",
		"inside": "block/cauldron_inner"
	},
	"elements": [
		{
			"name": "leg",
			"from": [14, 0, 0],
			"to": [16, 2, 2],
			"faces": {
				"north": {"uv": [0, 14, 2, 16], "texture": "#side"},
				"east": {"uv": [0, 14, 2, 16], "texture": "#side"},
				"south": {"uv": [0, 14, 2, 16], "texture": "#side"},
				"west": {"uv": [0, 14, 2, 16], "texture": "#side"},
				"up": {"uv": [0, 0, 2, 2], "texture": "#missing"},
				"down": {"uv": [0, 0, 2, 2], "texture": "#bottom"}
			}
		},
		{
			"name": "leg",
			"from": [14, 0, 14],
			"to": [16, 2, 16],
			"faces": {
				"north": {"uv": [0, 14, 2, 16], "texture": "#side"},
				"east": {"uv": [0, 14, 2, 16], "texture": "#side"},
				"south": {"uv": [0, 14, 2, 16], "texture": "#side"},
				"west": {"uv": [0, 14, 2, 16], "texture": "#side"},
				"up": {"uv": [0, 0, 2, 2], "texture": "#missing"},
				"down": {"uv": [0, 0, 2, 2], "texture": "#bottom"}
			}
		},
		{
			"name": "leg",
			"from": [0, 0, 0],
			"to": [2, 2, 2],
			"faces": {
				"north": {"uv": [0, 14, 2, 16], "texture": "#side"},
				"east": {"uv": [0, 14, 2, 16], "texture": "#side"},
				"south": {"uv": [0, 14, 2, 16], "texture": "#side"},
				"west": {"uv": [0, 14, 2, 16], "texture": "#side"},
				"up": {"uv": [0, 0, 2, 2], "texture": "#missing"},
				"down": {"uv": [0, 0, 2, 2], "texture": "#bottom"}
			}
		},
		{
			"name": "leg",
			"from": [0, 0, 14],
			"to": [2, 2, 16],
			"faces": {
				"north": {"uv": [0, 14, 2, 16], "texture": "#side"},
				"east": {"uv": [0, 14, 2, 16], "texture": "#side"},
				"south": {"uv": [0, 14, 2, 16], "texture": "#side"},
				"west": {"uv": [0, 14, 2, 16], "texture": "#side"},
				"up": {"uv": [0, 0, 2, 2], "texture": "#missing"},
				"down": {"uv": [0, 0, 2, 2], "texture": "#bottom"}
			}
		},
		{
			"from": [2, 2, 14],
			"to": [14, 16, 16],
			"faces": {
				"north": {"uv": [2, 0, 14, 13], "texture": "#side", "cullface": "up"},
				"south": {"uv": [2, 0, 14, 14], "texture": "#side", "cullface": "south"},
				"up": {"uv": [2, 14, 14, 16], "texture": "#top", "cullface": "up"},
				"down": {"uv": [2, 0, 14, 2], "texture": "#inside"}
			}
		},
		{
			"from": [0, 2, 0],
			"to": [2, 16, 16],
			"faces": {
				"north": {"uv": [14, 0, 16, 14], "texture": "#side", "cullface": "north"},
				"east": {"uv": [0, 0, 16, 13], "texture": "#side", "cullface": "up"},
				"south": {"uv": [0, 0, 2, 14], "texture": "#side", "cullface": "south"},
				"west": {"uv": [0, 0, 16, 14], "texture": "#side", "cullface": "west"},
				"up": {"uv": [0, 0, 2, 16], "texture": "#top", "cullface": "up"},
				"down": {"uv": [0, 0, 2, 16], "texture": "#inside"}
			}
		},
		{
			"from": [2, 2, 2],
			"to": [14, 4, 14],
			"faces": {
				"up": {"uv": [2, 2, 14, 14], "texture": "#inside", "cullface": "up"},
				"down": {"uv": [2, 2, 14, 14], "texture": "#inside"}
			}
		},
		{
			"from": [14, 2, 0],
			"to": [16, 16, 16],
			"faces": {
				"north": {"uv": [0, 0, 2, 14], "texture": "#side", "cullface": "north"},
				"east": {"uv": [0, 0, 16, 14], "texture": "#side", "cullface": "east"},
				"south": {"uv": [14, 0, 16, 14], "texture": "#side", "cullface": "south"},
				"west": {"uv": [0, 0, 16, 13], "texture": "#side", "cullface": "up"},
				"up": {"uv": [14, 0, 16, 16], "texture": "#top", "cullface": "up"},
				"down": {"uv": [14, 0, 16, 16], "texture": "#inside"}
			}
		},
		{
			"from": [2, 2, 0],
			"to": [14, 16, 2],
			"faces": {
				"north": {"uv": [2, 0, 14, 14], "texture": "#side", "cullface": "north"},
				"south": {"uv": [2, 0, 14, 13], "texture": "#side", "cullface": "up"},
				"up": {"uv": [2, 0, 14, 2], "texture": "#top", "cullface": "up"},
				"down": {"uv": [2, 14, 14, 16], "texture": "#inside"}
			}
		}
	],
	"groups": [0, 1, 2, 3,
		{
			"name": "vessel",
			"origin": [0, 0, 0],
			"children": [4, 5, 6, 7, 8]
		}
	]
}