{
	"credit": "Made with Blockbench",
	"parent": "block/block",
	"textures": {
		"particle": "block/chain",
		"all": "block/chain"
	},
	"elements": [
		{
			"from": [5, 0, 8],
			"to": [11, 16, 8],
			"shade": false,
			"rotation": {"angle": 45, "axis": "y", "origin": [8, 8, 8]},
			"faces": {
				"north": {"uv": [6, 0, 0, 16], "texture": "#all"},
				"south": {"uv": [0, 0, 6, 16], "texture": "#all"}
			}
		},
		{
			"from": [8, 0, 5],
			"to": [8, 16, 11],
			"shade": false,
			"rotation": {"angle": 45, "axis": "y", "origin": [8, 8, 8]},
			"faces": {
				"east": {"uv": [6, 0, 12, 16], "texture": "#all"},
				"west": {"uv": [12, 0, 6, 16], "texture": "#all"}
			}
		}
	]
}