{
	"credit": "Made with Blockbench",
	"ambientocclusion": false,
	"textures": {
		"particle": "block/chorus_plant",
		"texture": "block/chorus_plant"
	},
	"elements": [
		{
			"from": [4, 4, 4],
			"to": [12, 12, 12],
			"faces": {
				"north": {"uv": [4, 4, 12, 12], "texture": "#texture"}
			}
		},
		{
			"from": [4, 4, 2],
			"to": [10, 10, 4],
			"faces": {
				"north": {"uv": [6, 6, 12, 12], "texture": "#texture"},
				"east": {"uv": [12, 6, 14, 12], "texture": "#texture"},
				"west": {"uv": [2, 6, 4, 12], "texture": "#texture"},
				"up": {"uv": [4, 2, 10, 4], "texture": "#texture"},
				"down": {"uv": [4, 12, 10, 14], "texture": "#texture"}
			}
		}
	]
}