{
	"credit": "Made with Blockbench",
	"parent": "block/block",
	"ambientocclusion": false,
	"textures": {
		"particle": "#texture"
	},
	"elements": [
		{
			"name": "Left post",
			"from": [6, 0, 0],
			"to": [10, 16, 4],
			"faces": {
				"north": {"uv": [6, 0, 10, 16], "texture": "#texture"},
				"east": {"uv": [0, 0, 4, 16], "texture": "#texture"},
				"south": {"uv": [6, 0, 10, 16], "texture": "#texture"},
				"west": {"uv": [0, 0, 4, 16], "texture": "#texture"},
				"up": {"uv": [6, 0, 10, 4], "texture": "#texture"},
				"down": {"uv": [6, 0, 10, 4], "texture": "#texture", "cullface": "down"}
			}
		},
		{
			"name": "Right post",
			"from": [6, 0, 12],
			"to": [10, 16, 16],
			"faces": {
				"north": {"uv": [6, 0, 10, 16], "texture": "#texture"},
				"east": {"uv": [12, 0, 16, 16], "texture": "#texture"},
				"south": {"uv": [6, 0, 10, 16], "texture": "#texture"},
				"west": {"uv": [12, 0, 16, 16], "texture": "#texture"},
				"up": {"uv": [6, 12, 10, 16], "texture": "#texture"},
				"down": {"uv": [6, 12, 10, 16], "texture": "#texture", "cullface": "down"}
			}
		},
		{
			"name": "Top bar",
			"from": [6, 10, 4],
			"to": [10, 14, 12],
			"faces": {
				"north": {"uv": [6, 2, 8, 4], "texture": "#texture"},
				"east": {"uv": [0, 2, 8, 6], "texture": "#texture"},
				"south": {"uv": [6, 2, 8, 4], "texture": "#texture"},
				"west": {"uv": [0, 2, 8, 6], "texture": "#texture"},
				"up": {"uv": [6, 0, 10, 16], "texture": "#texture"},
				"down": {"uv": [6, 0, 10, 16], "texture": "#texture"}
			}
		},
		{
			"name": "Lower bar",
			"from": [6, 4, 4],
			"to": [10, 8, 12],
			"faces": {
				"north": {"uv": [6, 10, 8, 12], "texture": "#texture"},
				"east": {"uv": [0, 6, 8, 10], "texture": "#texture"},
				"south": {"uv": [6, 10, 8, 12], "texture": "#texture"},
				"west": {"uv": [0, 10, 8, 14], "texture": "#texture"},
				"up": {"uv": [6, 0, 10, 16], "texture": "#texture"},
				"down": {"uv": [6, 0, 10, 16], "texture": "#texture"}
			}
		}
	],
	"display": {
		"gui": {
			"rotation": [30, 135, 0],
			"scale": [0.625, 0.625, 0.625]
		},
		"fixed": {
			"rotation": [0, 90, 0],
			"scale": [0.5, 0.5, 0.5]
		}
	}
}