{
	"credit": "Made with Blockbench",
	"textures": {
		"particle": "#texture"
	},
	"elements": [
		{
			"name": "top bar",
			"from": [6, 10, 0],
			"to": [10, 14, 6],
			"faces": {
				"north": {"uv": [6, 2, 10, 6], "texture": "#texture", "cullface": "north"},
				"east": {"uv": [0, 2, 6, 6], "texture": "#texture"},
				"west": {"uv": [0, 2, 6, 6], "texture": "#texture"},
				"up": {"uv": [0, 2, 6, 6], "texture": "#texture"},
				"down": {"uv": [0, 2, 6, 6], "texture": "#texture"}
			}
		},
		{
			"name": "lower bar",
			"from": [6, 4, 0],
			"to": [10, 8, 6],
			"faces": {
				"north": {"uv": [6, 8, 10, 12], "texture": "#texture", "cullface": "north"},
				"east": {"uv": [0, 8, 6, 12], "texture": "#texture"},
				"west": {"uv": [0, 8, 6, 12], "texture": "#texture"},
				"up": {"uv": [0, 8, 6, 12], "texture": "#texture"},
				"down": {"uv": [0, 8, 6, 12], "texture": "#texture"}
			}
		}
	]
}