{
	"credit": "Made with Blockbench",
	"ambientocclusion": false,
	"textures": {
		"2": "block/bamboo_stalk",
		"3": "block/bamboo_singleleaf",
		"particle": "block/flower_pot",
		"flowerpot": "block/flower_pot",
		"dirt": "block/dirt"
	},
	"elements": [
		{
			"from": [6, 0, 6],
			"to": [10, 4, 10],
			"faces": {
				"up": {"uv": [0, 12, 4, 16], "texture": "#dirt"},
				"down": {"uv": [6, 12, 10, 14], "texture": "#flowerpot", "cullface": "down"}
			}
		},
		{
			"from": [4, 0, 4],
			"to": [12, 6, 6],
			"faces": {
				"north": {"uv": [4, 10, 12, 16], "texture": "#flowerpot"},
				"east": {"uv": [10, 10, 12, 16], "texture": "#flowerpot"},
				"south": {"uv": [4, 10, 12, 16], "texture": "#flowerpot"},
				"west": {"uv": [4, 10, 6, 16], "texture": "#flowerpot"},
				"up": {"uv": [4, 0, 12, 2], "texture": "#flowerpot"},
				"down": {"uv": [0, 0, 8, 2], "texture": "#missing"}
			}
		},
		{
			"from": [4, 0, 10],
			"to": [12, 6, 12],
			"faces": {
				"north": {"uv": [4, 10, 12, 16], "texture": "#flowerpot"},
				"east": {"uv": [4, 10, 6, 16], "texture": "#flowerpot"},
				"south": {"uv": [4, 10, 12, 16], "texture": "#flowerpot"},
				"west": {"uv": [10, 10, 12, 16], "texture": "#flowerpot"},
				"up": {"uv": [4, 6, 12, 8], "texture": "#flowerpot"},
				"down": {"uv": [0, 0, 8, 2], "texture": "#missing"}
			}
		},
		{
			"from": [4, 0, 6],
			"to": [6, 6, 10],
			"faces": {
				"north": {"uv": [0, 0, 2, 6], "texture": "#missing"},
				"east": {"uv": [6, 10, 10, 16], "texture": "#flowerpot"},
				"south": {"uv": [0, 0, 2, 6], "texture": "#missing"},
				"west": {"uv": [6, 10, 10, 16], "texture": "#flowerpot"},
				"up": {"uv": [4, 2, 6, 6], "texture": "#flowerpot"},
				"down": {"uv": [0, 0, 2, 4], "texture": "#missing"}
			}
		},
		{
			"from": [10, 0, 6],
			"to": [12, 6, 10],
			"faces": {
				"north": {"uv": [0, 0, 2, 6], "texture": "#missing"},
				"east": {"uv": [6, 10, 10, 16], "texture": "#flowerpot"},
				"south": {"uv": [0, 0, 2, 6], "texture": "#missing"},
				"west": {"uv": [6, 10, 10, 16], "texture": "#flowerpot"},
				"up": {"uv": [10, 2, 12, 6], "texture": "#flowerpot"},
				"down": {"uv": [0, 0, 2, 4], "texture": "#missing"}
			}
		},
		{
			"from": [6, 4, 8],
			"to": [8, 14, 10],
			"faces": {
				"north": {"uv": [0, 0, 2, 10], "texture": "#2"},
				"east": {"uv": [2, 0, 4, 10], "texture": "#2"},
				"south": {"uv": [1, 0, 3, 10], "texture": "#2"},
				"west": {"uv": [2, 0, 4, 10], "texture": "#2"},
				"up": {"uv": [10, 2, 12, 4], "texture": "#2"},
				"down": {"uv": [0, 0, 2, 2], "texture": "#missing"}
			}
		},
		{
			"from": [6, 8, 2],
			"to": [6, 12, 8],
			"rotation": {"angle": 45, "axis": "y", "origin": [6, 12, 8]},
			"faces": {
				"north": {"uv": [0, 0, 0, 4], "texture": "#missing"},
				"east": {"uv": [0, 2, 6, 6], "texture": "#3"},
				"south": {"uv": [0, 0, 0, 4], "texture": "#missing"},
				"west": {"uv": [0, 2, 6, 6], "texture": "#3"},
				"up": {"uv": [0, 0, 0, 6], "texture": "#missing"},
				"down": {"uv": [0, 0, 0, 6], "texture": "#missing"}
			}
		}
	]
}