{
	"credit": "Made with Blockbench",
	"parent": "block/block",
	"textures": {
		"particle": "block/soul_lantern",
		"block/soul_lantern": "block/soul_lantern"
	},
	"elements": [
		{
			"from": [5, 0, 5],
			"to": [11, 8, 11],
			"faces": {
				"north": {"uv": [0, 1, 6, 9], "texture": "block/soul_lantern"},
				"east": {"uv": [0, 1, 6, 9], "texture": "block/soul_lantern"},
				"south": {"uv": [0, 1, 6, 9], "texture": "block/soul_lantern"},
				"west": {"uv": [0, 1, 6, 9], "texture": "block/soul_lantern"},
				"up": {"uv": [0, 9, 6, 15], "texture": "block/soul_lantern"},
				"down": {"uv": [0, 9, 6, 15], "texture": "block/soul_lantern", "cullface": "down"}
			}
		},
		{
			"from": [5, 8, 8],
			"to": [11, 12, 8],
			"shade": false,
			"rotation": {"angle": 45, "axis": "y", "origin": [8, 8, 8]},
			"faces": {
				"north": {"uv": [14, 7, 8, 11], "texture": "block/soul_lantern"},
				"east": {"uv": [0, 0, 0, 0], "texture": "block/soul_lantern"},
				"south": {"uv": [8, 7, 14, 11], "texture": "block/soul_lantern"},
				"west": {"uv": [0, 0, 0, 0], "texture": "block/soul_lantern"},
				"up": {"uv": [0, 0, 0, 0], "texture": "block/soul_lantern"},
				"down": {"uv": [0, 0, 0, 0], "texture": "block/soul_lantern"}
			}
		}
	]
}