{
	"credit": "Made with Blockbench",
	"ambientocclusion": false,
	"textures": {
		"particle": "#stem"
	},
	"elements": [
		{
			"from": [0, -2, 8],
			"to": [16, 6, 8],
			"rotation": {"angle": 45, "axis": "y", "origin": [8, 8, 8], "rescale": true},
			"faces": {
				"north": {"uv": [0, 0, 16, 8], "texture": "#stem", "tintindex": 0},
				"south": {"uv": [16, 0, 0, 8], "texture": "#stem", "tintindex": 0}
			}
		},
		{
			"from": [8, -2, 0],
			"to": [8, 6, 16],
			"rotation": {"angle": 45, "axis": "y", "origin": [8, 8, 8], "rescale": true},
			"faces": {
				"east": {"uv": [16, 0, 0, 8], "texture": "#stem", "tintindex": 0},
				"west": {"uv": [0, 0, 16, 8], "texture": "#stem", "tintindex": 0}
			}
		}
	]
}