{
	"credit": "Made with Blockbench",
	"parent": "block/block",
	"textures": {
		"particle": "#all"
	},
	"elements": [
		{
			"from": [4, 0, 4],
			"to": [8, 6, 8],
			"faces": {
				"north": {"uv": [0, 4, 4, 10], "texture": "#all"},
				"east": {"uv": [0, 4, 4, 10], "texture": "#all"},
				"south": {"uv": [0, 4, 4, 10], "texture": "#all"},
				"west": {"uv": [0, 4, 4, 10], "texture": "#all"},
				"up": {"uv": [0, 0, 4, 4], "texture": "#all"},
				"down": {"uv": [0, 0, 4, 4], "texture": "#all", "cullface": "down"}
			}
		},
		{
			"from": [8, 0, 10],
			"to": [12, 6, 14],
			"faces": {
				"north": {"uv": [0, 4, 4, 10], "texture": "#all"},
				"east": {"uv": [0, 4, 4, 10], "texture": "#all"},
				"south": {"uv": [0, 4, 4, 10], "texture": "#all"},
				"west": {"uv": [0, 4, 4, 10], "texture": "#all"},
				"up": {"uv": [0, 0, 4, 4], "texture": "#all"},
				"down": {"uv": [0, 0, 4, 4], "texture": "#all", "cullface": "down"}
			}
		},
		{
			"from": [10, -2, 4],
			"to": [14, 4, 8],
			"faces": {
				"north": {"uv": [0, 4, 4, 10], "texture": "#all"},
				"east": {"uv": [0, 4, 4, 10], "texture": "#all"},
				"south": {"uv": [0, 4, 4, 10], "texture": "#all"},
				"west": {"uv": [0, 4, 4, 10], "texture": "#all"},
				"up": {"uv": [0, 0, 4, 4], "texture": "#all"},
				"down": {"uv": [0, 0, 4, 4], "texture": "#all", "cullface": "down"}
			}
		},
		{
			"from": [2, -2, 10],
			"to": [6, 4, 14],
			"faces": {
				"north": {"uv": [0, 4, 4, 10], "texture": "#all"},
				"east": {"uv": [0, 4, 4, 10], "texture": "#all"},
				"south": {"uv": [0, 4, 4, 10], "texture": "#all"},
				"west": {"uv": [0, 4, 4, 10], "texture": "#all"},
				"up": {"uv": [0, 0, 4, 4], "texture": "#all"},
				"down": {"uv": [0, 0, 4, 4], "texture": "#all", "cullface": "down"}
			}
		}
	]
}