{
	"credit": "Made with Blockbench",
	"textures": {
		"particle": "#texture"
	},
	"elements": [
		{
			"name": "Left-hand post",
			"from": [0, 0, 6],
			"to": [4, 12, 10],
			"faces": {
				"north": {"uv": [0, 0, 4, 12], "texture": "#texture"},
				"east": {"uv": [8, 0, 12, 12], "texture": "#texture"},
				"south": {"uv": [0, 0, 4, 11], "texture": "#texture"},
				"west": {"uv": [8, 0, 12, 12], "texture": "#texture", "cullface": "west"},
				"up": {"uv": [0, 2, 2, 4], "texture": "#texture"},
				"down": {"uv": [0, 8, 4, 12], "texture": "#texture"}
			}
		},
		{
			"name": "Right-hand post",
			"from": [12, 0, 6],
			"to": [16, 12, 10],
			"faces": {
				"north": {"uv": [0, 0, 4, 12], "texture": "#texture"},
				"east": {"uv": [8, 0, 12, 12], "texture": "#texture", "cullface": "east"},
				"south": {"uv": [12, 0, 16, 11], "texture": "#texture"},
				"west": {"uv": [8, 0, 12, 12], "texture": "#texture"},
				"up": {"uv": [14, 2, 16, 4], "texture": "#texture"},
				"down": {"uv": [12, 8, 16, 12], "texture": "#texture"}
			}
		},
		{
			"name": "Inner vertical post of left-hand gate door",
			"from": [0, 2, 14],
			"to": [4, 10, 16],
			"faces": {
				"north": {"uv": [0, 2, 4, 10], "texture": "#texture"},
				"east": {"uv": [12, 2, 14, 10], "texture": "#texture"},
				"south": {"uv": [0, 2, 4, 10], "texture": "#texture"},
				"west": {"uv": [14, 2, 16, 10], "texture": "#texture"},
				"up": {"uv": [0, 12, 4, 14], "texture": "#texture"},
				"down": {"uv": [0, 12, 4, 14], "texture": "#texture"}
			}
		},
		{
			"name": "Inner vertical post of right-hand gate door",
			"from": [12, 2, 14],
			"to": [16, 10, 16],
			"faces": {
				"north": {"uv": [12, 2, 16, 10], "texture": "#texture"},
				"east": {"uv": [14, 2, 16, 10], "texture": "#texture"},
				"south": {"uv": [12, 2, 16, 10], "texture": "#texture"},
				"west": {"uv": [14, 2, 16, 10], "texture": "#texture"},
				"up": {"uv": [12, 12, 16, 14], "texture": "#texture"},
				"down": {"uv": [12, 12, 16, 14], "texture": "#texture"}
			}
		},
		{
			"name": "Lower horizontal bar of left-hand gate door",
			"from": [0, 2, 10],
			"to": [4, 4, 14],
			"faces": {
				"east": {"uv": [12, 6, 16, 8], "texture": "#texture"},
				"west": {"uv": [12, 12, 16, 14], "texture": "#texture"},
				"up": {"uv": [0, 10, 4, 14], "texture": "#texture"},
				"down": {"uv": [0, 10, 4, 14], "texture": "#texture"}
			}
		},
		{
			"name": "Upper horizontal bar of left-hand gate door",
			"from": [0, 8, 10],
			"to": [4, 10, 14],
			"faces": {
				"east": {"uv": [12, 2, 16, 4], "texture": "#texture"},
				"west": {"uv": [12, 2, 16, 4], "texture": "#texture"},
				"up": {"uv": [0, 10, 4, 14], "texture": "#texture"},
				"down": {"uv": [0, 10, 4, 14], "texture": "#texture"}
			}
		},
		{
			"name": "Lower horizontal bar of left-hand gate door",
			"from": [12, 2, 10],
			"to": [16, 4, 14],
			"faces": {
				"east": {"uv": [12, 6, 16, 8], "texture": "#texture"},
				"west": {"uv": [12, 10, 16, 12], "texture": "#texture"},
				"up": {"uv": [12, 9, 16, 13], "texture": "#texture"},
				"down": {"uv": [12, 8, 16, 12], "texture": "#texture"}
			}
		},
		{
			"name": "Upper horizontal bar of left-hand gate door",
			"from": [12, 8, 10],
			"to": [16, 10, 14],
			"faces": {
				"east": {"uv": [12, 2, 16, 4], "texture": "#texture"},
				"west": {"uv": [12, 2, 16, 4], "texture": "#texture"},
				"up": {"uv": [12, 10, 16, 14], "texture": "#texture"},
				"down": {"uv": [12, 10, 16, 14], "texture": "#texture"}
			}
		}
	]
}