{
	"credit": "Made with Blockbench",
	"parent": "block/block",
	"textures": {
		"particle": "block/sea_pickle",
		"all": "block/sea_pickle"
	},
	"elements": [
		{
			"from": [6, 0, 10],
			"to": [10, 6, 14],
			"faces": {
				"north": {"uv": [4, 5, 8, 11], "texture": "#all"},
				"east": {"uv": [12, 5, 16, 11], "texture": "#all"},
				"south": {"uv": [0, 5, 4, 11], "texture": "#all"},
				"west": {"uv": [8, 5, 12, 11], "texture": "#all"},
				"up": {"uv": [4, 1, 8, 5], "texture": "#all"},
				"down": {"uv": [8, 1, 12, 5], "texture": "#all", "cullface": "down"}
			}
		},
		{
			"from": [2, 0, 2],
			"to": [6, 4, 6],
			"faces": {
				"north": {"uv": [4, 5, 8, 9], "texture": "#all"},
				"east": {"uv": [12, 5, 16, 9], "texture": "#all"},
				"south": {"uv": [0, 5, 4, 9], "texture": "#all"},
				"west": {"uv": [8, 5, 12, 9], "texture": "#all"},
				"up": {"uv": [4, 1, 8, 5], "texture": "#all"},
				"down": {"uv": [8, 1, 12, 5], "texture": "#all", "cullface": "down"}
			}
		},
		{
			"from": [2, 3.95, 2],
			"to": [6, 3.95, 6],
			"faces": {
				"up": {"uv": [8, 1, 12, 5], "texture": "#all"}
			}
		},
		{
			"from": [8, 0, 4],
			"to": [12, 6, 8],
			"faces": {
				"north": {"uv": [4, 5, 8, 11], "texture": "#all"},
				"east": {"uv": [12, 5, 16, 11], "texture": "#all"},
				"south": {"uv": [0, 5, 4, 11], "texture": "#all"},
				"west": {"uv": [8, 5, 12, 11], "texture": "#all"},
				"up": {"uv": [4, 1, 8, 5], "texture": "#all"},
				"down": {"uv": [8, 1, 12, 5], "texture": "#all", "cullface": "down"}
			}
		},
		{
			"from": [8, 5.95, 4],
			"to": [12, 5.95, 8],
			"faces": {
				"up": {"uv": [8, 1, 12, 5], "texture": "#all"}
			}
		},
		{
			"from": [6.5, 6, 11.5],
			"to": [8.5, 8, 11.5],
			"shade": false,
			"rotation": {"angle": 45, "axis": "y", "origin": [8, 8, 11], "rescale": true},
			"faces": {
				"north": {"uv": [1, 1, 3, 5], "texture": "#all"},
				"south": {"uv": [3, 1, 1, 5], "texture": "#all"}
			}
		},
		{
			"from": [7.5, 6, 10.5],
			"to": [7.5, 8, 12.5],
			"shade": false,
			"rotation": {"angle": 45, "axis": "y", "origin": [8, 8, 11], "rescale": true},
			"faces": {
				"east": {"uv": [15, 1, 13, 5], "texture": "#all"},
				"west": {"uv": [13, 1, 15, 5], "texture": "#all"}
			}
		},
		{
			"from": [3, 4, 4],
			"to": [5, 6, 4],
			"shade": false,
			"rotation": {"angle": 45, "axis": "y", "origin": [4, 8, 4], "rescale": true},
			"faces": {
				"north": {"uv": [1, 1, 3, 5], "texture": "#all"},
				"south": {"uv": [3, 1, 1, 5], "texture": "#all"}
			}
		},
		{
			"from": [4, 4, 3],
			"to": [4, 6, 5],
			"shade": false,
			"rotation": {"angle": 45, "axis": "y", "origin": [4, 8, 4], "rescale": true},
			"faces": {
				"east": {"uv": [15, 1, 13, 5], "texture": "#all"},
				"west": {"uv": [13, 1, 15, 5], "texture": "#all"}
			}
		},
		{
			"from": [9, 6, 6],
			"to": [11, 8, 6],
			"shade": false,
			"rotation": {"angle": 45, "axis": "y", "origin": [10, 8, 6], "rescale": true},
			"faces": {
				"north": {"uv": [1, 1, 3, 5], "texture": "#all"},
				"south": {"uv": [3, 1, 1, 5], "texture": "#all"}
			}
		},
		{
			"from": [10, 6, 5],
			"to": [10, 8, 7],
			"shade": false,
			"rotation": {"angle": 45, "axis": "y", "origin": [10, 8, 6], "rescale": true},
			"faces": {
				"east": {"uv": [15, 1, 13, 5], "texture": "#all"},
				"west": {"uv": [13, 1, 15, 5], "texture": "#all"}
			}
		}
	]
}