{
	"credit": "Made with Blockbench",
	"textures": {
		"hook": "block/tripwire_hook",
		"particle": "block/oak_planks",
		"wood": "block/oak_planks"
	},
	"elements": [
		{
			"from": [5.2, 3.8, 5.9],
			"to": [11.2, 5.8, 11.9],
			"rotation": {"angle": -45, "axis": "x", "origin": [8, 6, 5.2]},
			"faces": {
				"north": {"uv": [5, 3, 11, 4], "texture": "#hook"},
				"east": {"uv": [5, 3, 11, 4], "texture": "#hook"},
				"south": {"uv": [5, 7, 11, 8], "texture": "#hook"},
				"west": {"uv": [5, 7, 11, 8], "texture": "#hook"},
				"up": {"uv": [5, 2, 11, 8], "texture": "#hook"},
				"down": {"uv": [5, 2, 11, 8], "texture": "#hook"}
			}
		},
		{
			"from": [7.4, 5.2, 10],
			"to": [9.4, 7.2, 14],
			"rotation": {"angle": 45, "axis": "x", "origin": [8, 6, 14]},
			"faces": {
				"north": {"uv": [7, 10, 9, 12], "texture": "#wood"},
				"east": {"uv": [9, 10, 14, 12], "texture": "#wood"},
				"south": {"uv": [7, 11, 9, 13], "texture": "#wood"},
				"west": {"uv": [2, 10, 7, 12], "texture": "#wood"},
				"up": {"uv": [7, 2, 9, 6], "texture": "#wood"},
				"down": {"uv": [7, 10, 9, 14], "texture": "#wood"}
			}
		},
		{
			"from": [6, 2, 14],
			"to": [10, 10, 16],
			"faces": {
				"north": {"uv": [6, 8, 10, 16], "texture": "#wood"},
				"east": {"uv": [14, 8, 16, 16], "texture": "#wood"},
				"south": {"uv": [6, 8, 10, 16], "texture": "#wood", "cullface": "south"},
				"west": {"uv": [0, 8, 2, 16], "texture": "#wood"},
				"up": {"uv": [6, 0, 10, 2], "texture": "#wood"},
				"down": {"uv": [6, 14, 10, 16], "texture": "#wood"}
			}
		}
	]
}