{
	"credit": "Made with Blockbench",
	"texture_size": [32, 32],
	"textures": {
		"0": "block/brewing_stand",
		"particle": "block/brewing_stand"
	},
	"elements": [
		{
			"from": [12, 0, 10],
			"to": [15, 1, 13],
			"rotation": {"angle": 0, "axis": "y", "origin": [0, 0, 1]},
			"faces": {
				"north": {"uv": [2.5, 8.5, 4, 9], "texture": "#0"},
				"east": {"uv": [2.5, 8.5, 4, 9], "texture": "#0"},
				"south": {"uv": [2.5, 8.5, 4, 9], "texture": "#0"},
				"west": {"uv": [2.5, 8.5, 4, 9], "texture": "#0"},
				"up": {"uv": [2.5, 8.5, 4, 10], "texture": "#0"},
				"down": {"uv": [2.5, 8.5, 4, 10], "texture": "#0"}
			}
		},
		{
			"from": [8, 1, 11.5],
			"to": [16, 12, 11.5],
			"rotation": {"angle": -45, "axis": "y", "origin": [13.5, 4.5, 11.5]},
			"faces": {
				"north": {"uv": [11, 10.5, 15.5, 16], "texture": "#0"},
				"east": {"uv": [0, 0, 0, 5.5], "texture": "#missing"},
				"south": {"uv": [15.5, 10.5, 11, 16], "texture": "#0"},
				"west": {"uv": [0, 0, 0, 5.5], "texture": "#missing"},
				"up": {"uv": [0, 0, 0, 4], "rotation": 90, "texture": "#missing"},
				"down": {"uv": [0, 0, 0, 4], "rotation": 270, "texture": "#missing"}
			}
		}
	]
}