{
	"credit": "Made with Blockbench",
	"texture_size": [32, 32],
	"textures": {
		"0": "block/brewing_stand",
		"particle": "block/brewing_stand"
	},
	"elements": [
		{
			"from": [4.57538, 12, 8.10355],
			"to": [11.57538, 15, 8.10355],
			"rotation": {"angle": -45, "axis": "y", "origin": [8.07538, 12.5, 8.10355]},
			"faces": {
				"north": {"uv": [3.5, 2, 7, 3.5], "texture": "#0"},
				"east": {"uv": [0, 0, 0, 1.5], "texture": "#missing"},
				"south": {"uv": [3.5, 2, 7, 3.5], "texture": "#0"},
				"west": {"uv": [0, 0, 0, 1.5], "texture": "#missing"},
				"up": {"uv": [0, 0, 3.5, 0], "texture": "#missing"},
				"down": {"uv": [0, 0, 3.5, 0], "texture": "#missing"}
			}
		},
		{
			"from": [8.12652, 12, 4.51992],
			"to": [8.12652, 15, 11.51992],
			"rotation": {"angle": -45, "axis": "y", "origin": [8, 1.5, 8]},
			"faces": {
				"north": {"uv": [0, 0, 0, 1.5], "texture": "#missing"},
				"east": {"uv": [3.5, 2, 7, 3.5], "texture": "#0"},
				"south": {"uv": [0, 0, 0, 1.5], "texture": "#missing"},
				"west": {"uv": [3.5, 2, 7, 3.5], "texture": "#0"},
				"up": {"uv": [0, 0, 3.5, 0], "rotation": 270, "texture": "#missing"},
				"down": {"uv": [0, 0, 3.5, 0], "rotation": 90, "texture": "#missing"}
			}
		},
		{
			"from": [8.12652, 1, 5.51992],
			"to": [8.12652, 2, 10.51992],
			"rotation": {"angle": -45, "axis": "y", "origin": [8, 1.5, 8]},
			"faces": {
				"north": {"uv": [0, 0, 0, 0.5], "texture": "#missing"},
				"east": {"uv": [4, 10, 6.5, 10.5], "texture": "#0"},
				"south": {"uv": [0, 0, 0, 0.5], "texture": "#missing"},
				"west": {"uv": [4, 10, 6.5, 10.5], "texture": "#0"},
				"up": {"uv": [0, 0, 2.5, 0], "rotation": 270, "texture": "#missing"},
				"down": {"uv": [0, 0, 2.5, 0], "rotation": 90, "texture": "#missing"}
			}
		},
		{
			"from": [5.48008, 1, 8.12652],
			"to": [10.48008, 2, 8.12652],
			"rotation": {"angle": -45, "axis": "y", "origin": [8, 1.5, 8]},
			"faces": {
				"north": {"uv": [4, 10, 6.5, 10.5], "texture": "#0"},
				"east": {"uv": [0, 0, 0, 0.5], "texture": "#missing"},
				"south": {"uv": [4, 10, 6.5, 10.5], "texture": "#0"},
				"west": {"uv": [0, 0, 0, 0.5], "texture": "#missing"},
				"up": {"uv": [0, 0, 2.5, 0], "texture": "#missing"},
				"down": {"uv": [0, 0, 2.5, 0], "texture": "#missing"}
			}
		},
		{
			"from": [6, 11, 6],
			"to": [10, 12, 10],
			"rotation": {"angle": 0, "axis": "y", "origin": [0, 0, 2]},
			"faces": {
				"north": {"uv": [4.5, 12.5, 6.5, 13], "texture": "#0"},
				"east": {"uv": [4.5, 10.5, 6.5, 11], "texture": "#0"},
				"south": {"uv": [4.5, 12, 6.5, 12.5], "texture": "#0"},
				"west": {"uv": [4.5, 10.5, 6.5, 11], "texture": "#0"},
				"up": {"uv": [4.5, 10.5, 6.5, 12.5], "texture": "#0"},
				"down": {"uv": [4.5, 10.5, 6.5, 12.5], "rotation": 90, "texture": "#0"}
			}
		},
		{
			"from": [7, 9, 7],
			"to": [9, 11, 9],
			"rotation": {"angle": 0, "axis": "y", "origin": [0, 0, 2]},
			"faces": {
				"north": {"uv": [3, 3.5, 4, 4.5], "rotation": 90, "texture": "#0"},
				"east": {"uv": [3, 3.5, 4, 4.5], "texture": "#0"},
				"south": {"uv": [3, 3.5, 4, 4.5], "rotation": 90, "texture": "#0"},
				"west": {"uv": [3, 3.5, 4, 4.5], "texture": "#0"},
				"up": {"uv": [0, 0, 1, 1], "texture": "#missing"},
				"down": {"uv": [0, 0, 1, 1], "texture": "#missing"}
			}
		},
		{
			"from": [4, 4, 5],
			"to": [5, 6, 8],
			"faces": {
				"north": {"uv": [0, 0, 0.5, 1], "texture": "#missing"},
				"east": {"uv": [10.5, 3.5, 12, 4.5], "texture": "#0"},
				"south": {"uv": [11.5, 3.5, 12, 4.5], "texture": "#0"},
				"west": {"uv": [10.5, 3.5, 12, 4.5], "texture": "#0"},
				"up": {"uv": [10.5, 3.5, 12, 4], "rotation": 90, "texture": "#0"},
				"down": {"uv": [10.5, 3.5, 12, 4], "rotation": 90, "texture": "#0"}
			}
		},
		{
			"from": [11, 4, 5],
			"to": [12, 6, 8],
			"faces": {
				"north": {"uv": [0, 0, 0.5, 1], "texture": "#missing"},
				"east": {"uv": [10.5, 3.5, 12, 4.5], "texture": "#0"},
				"south": {"uv": [10.5, 3.5, 11, 4.5], "texture": "#0"},
				"west": {"uv": [10.5, 3.5, 12, 4.5], "texture": "#0"},
				"up": {"uv": [10.5, 3.5, 12, 4], "rotation": 90, "texture": "#0"},
				"down": {"uv": [10.5, 3.5, 12, 4], "rotation": 90, "texture": "#0"}
			}
		},
		{
			"from": [4, 4, 4],
			"to": [12, 6, 5],
			"faces": {
				"north": {"uv": [10.5, 4.5, 14.5, 5.5], "texture": "#0"},
				"east": {"uv": [12, 3.5, 12.5, 4.5], "texture": "#0"},
				"south": {"uv": [10.5, 4.5, 14.5, 5.5], "texture": "#0"},
				"west": {"uv": [12, 3.5, 12.5, 4.5], "texture": "#0"},
				"up": {"uv": [10.5, 4.5, 14.5, 5], "texture": "#0"},
				"down": {"uv": [10.5, 5, 14.5, 5.5], "texture": "#0"}
			}
		},
		{
			"from": [7, 0, 2.75],
			"to": [9, 15, 4.75],
			"faces": {
				"north": {"uv": [8.5, 2.5, 9.5, 10], "texture": "#0"},
				"east": {"uv": [8.5, 2.5, 9.5, 10], "texture": "#0"},
				"south": {"uv": [8.5, 2.5, 9.5, 10], "texture": "#0"},
				"west": {"uv": [8.5, 2.5, 9.5, 10], "texture": "#0"},
				"up": {"uv": [8.5, 1.5, 9.5, 2.5], "texture": "#0"},
				"down": {"uv": [8.5, 10, 9.5, 11], "texture": "#0"}
			}
		},
		{
			"from": [6, 0, 6],
			"to": [10, 1, 10],
			"rotation": {"angle": 0, "axis": "y", "origin": [0, 0, 2]},
			"faces": {
				"north": {"uv": [4.5, 10.5, 6.5, 11], "texture": "#0"},
				"east": {"uv": [4.5, 12, 6.5, 12.5], "texture": "#0"},
				"south": {"uv": [4.5, 10.5, 6.5, 11], "texture": "#0"},
				"west": {"uv": [4.5, 12, 6.5, 12.5], "texture": "#0"},
				"up": {"uv": [6.5, 10.5, 4.5, 12.5], "texture": "#0"},
				"down": {"uv": [4.5, 10.5, 6.5, 12.5], "texture": "#0"}
			}
		},
		{
			"from": [5, 2, 5],
			"to": [11, 9, 11],
			"rotation": {"angle": 0, "axis": "y", "origin": [0, 0, 2]},
			"faces": {
				"north": {"uv": [4, 6.5, 7, 10], "texture": "#0"},
				"east": {"uv": [4, 6.5, 7, 10], "texture": "#0"},
				"south": {"uv": [4, 6.5, 7, 10], "texture": "#0"},
				"west": {"uv": [4, 6.5, 7, 10], "texture": "#0"},
				"up": {"uv": [4, 3.5, 7, 6.5], "texture": "#0"},
				"down": {"uv": [4, 3.5, 7, 6.5], "texture": "#0"}
			}
		}
	],
	"groups": [
		{
			"name": "main",
			"origin": [8, 8, 8],
			"children": [0, 1, 2, 3, 4, 5, 6, 7, 8, 9, 10, 11]
		}
	]
}