{
	"credit": "Made with Blockbench",
	"ambientocclusion": false,
	"textures": {
		"0": "block/cauldron",
		"particle": "block/cauldron"
	},
	"elements": [
		{
			"name": "Cube",
			"from": [2, 3, 2],
			"to": [14, 4, 14],
			"faces": {
				"north": {"uv": [1.5, 6, 7.5, 6.5], "texture": "#0"},
				"east": {"uv": [9, 6, 15, 6.5], "texture": "#0"},
				"south": {"uv": [1.5, 6, 7.5, 6.5], "texture": "#0"},
				"west": {"uv": [9, 6, 15, 6.5], "texture": "#0"},
				"up": {"uv": [1, 9, 7, 15], "texture": "#0"},
				"down": {"uv": [1, 9, 7, 15], "texture": "#0"}
			}
		},
		{
			"name": "Cube",
			"from": [1, 4, 1],
			"to": [3, 12, 15],
			"faces": {
				"north": {"uv": [6.5, 2, 7.5, 6], "texture": "#0"},
				"east": {"uv": [0.5, 2, 7.5, 6], "texture": "#0"},
				"south": {"uv": [0.5, 2, 1.5, 6], "texture": "#0"},
				"west": {"uv": [8.5, 2, 15.5, 6], "texture": "#0"},
				"up": {"uv": [8.5, 1.5, 15.5, 2.5], "rotation": 90, "texture": "#0"},
				"down": {"uv": [8.5, 5.5, 15.5, 6.5], "rotation": 270, "texture": "#0"}
			}
		},
		{
			"name": "Cube",
			"from": [2, 12, 2],
			"to": [3, 14, 14],
			"faces": {
				"north": {"uv": [6.5, 1, 7, 2], "texture": "#0"},
				"east": {"uv": [1, 1, 7, 2], "texture": "#0"},
				"south": {"uv": [1, 1, 1.5, 2], "texture": "#0"},
				"west": {"uv": [1, 1, 7, 2], "texture": "#0"}
			}
		},
		{
			"name": "Cube",
			"from": [1, 14, 1],
			"to": [3, 16, 15],
			"faces": {
				"north": {"uv": [6.5, 0, 7.5, 1], "texture": "#0"},
				"east": {"uv": [0.5, 0, 7.5, 1], "rotation": 180, "texture": "#0"},
				"south": {"uv": [0.5, 0, 1.5, 1], "texture": "#0"},
				"west": {"uv": [0.5, 0, 7.5, 1], "texture": "#0"},
				"up": {"uv": [0.5, 0, 7.5, 1], "rotation": 270, "texture": "#0"},
				"down": {"uv": [0.5, 0, 7.5, 1], "rotation": 90, "texture": "#0"}
			}
		},
		{
			"name": "Cube",
			"from": [13, 14, 1],
			"to": [15, 16, 15],
			"faces": {
				"north": {"uv": [0.5, 0, 1.5, 1], "texture": "#0"},
				"east": {"uv": [0.5, 0, 7.5, 1], "texture": "#0"},
				"south": {"uv": [6.5, 0, 7.5, 1], "texture": "#0"},
				"west": {"uv": [0.5, 0, 7.5, 1], "rotation": 180, "texture": "#0"},
				"up": {"uv": [0.5, 0, 7.5, 1], "rotation": 90, "texture": "#0"},
				"down": {"uv": [0.5, 0, 7.5, 1], "rotation": 270, "texture": "#0"}
			}
		},
		{
			"name": "Cube",
			"from": [3, 14, 1],
			"to": [13, 16, 3],
			"faces": {
				"north": {"uv": [1.5, 0, 6.5, 1], "texture": "#0"},
				"south": {"uv": [1.5, 0, 6.5, 1], "rotation": 180, "texture": "#0"},
				"up": {"uv": [1.5, 0, 6.5, 1], "texture": "#0"},
				"down": {"uv": [1.5, 0, 6.5, 1], "texture": "#0"}
			}
		},
		{
			"name": "Cube",
			"from": [3, 14, 13],
			"to": [13, 16, 15],
			"faces": {
				"north": {"uv": [1.5, 0, 6.5, 1], "rotation": 180, "texture": "#0"},
				"south": {"uv": [1.5, 0, 6.5, 1], "texture": "#0"},
				"up": {"uv": [1.5, 0, 6.5, 1], "rotation": 180, "texture": "#0"},
				"down": {"uv": [1.5, 0, 6.5, 1], "rotation": 180, "texture": "#0"}
			}
		},
		{
			"name": "Cube",
			"from": [13, 12, 2],
			"to": [14, 14, 14],
			"faces": {
				"north": {"uv": [1, 1, 1.5, 2], "texture": "#0"},
				"east": {"uv": [1, 1, 7, 2], "texture": "#0"},
				"south": {"uv": [6.5, 1, 7, 2], "texture": "#0"},
				"west": {"uv": [1, 1, 7, 2], "texture": "#0"}
			}
		},
		{
			"name": "Cube",
			"from": [3, 12, 2],
			"to": [13, 14, 3],
			"faces": {
				"north": {"uv": [1.5, 1, 6.5, 2], "texture": "#0"},
				"south": {"uv": [1.5, 1, 6.5, 2], "texture": "#0"}
			}
		},
		{
			"name": "Cube",
			"from": [3, 12, 13],
			"to": [13, 14, 14],
			"faces": {
				"north": {"uv": [1.5, 1, 6.5, 2], "texture": "#0"},
				"south": {"uv": [1.5, 1, 6.5, 2], "texture": "#0"}
			}
		},
		{
			"name": "Cube",
			"from": [13, 4, 1],
			"to": [15, 12, 15],
			"faces": {
				"north": {"uv": [0.5, 2, 1.5, 6], "texture": "#0"},
				"east": {"uv": [8.5, 2, 15.5, 6], "texture": "#0"},
				"south": {"uv": [6.5, 2, 7.5, 6], "texture": "#0"},
				"west": {"uv": [0.5, 2, 7.5, 6], "texture": "#0"},
				"up": {"uv": [8.5, 1.5, 15.5, 2.5], "rotation": 270, "texture": "#0"},
				"down": {"uv": [8.5, 5.5, 15.5, 6.5], "rotation": 90, "texture": "#0"}
			}
		},
		{
			"name": "Cube",
			"from": [3, 4, 13],
			"to": [13, 12, 15],
			"faces": {
				"north": {"uv": [1.5, 2, 6.5, 6], "texture": "#0"},
				"east": {"uv": [0, 0, 0, 0], "texture": "#0"},
				"south": {"uv": [1.5, 2, 6.5, 6], "texture": "#0"},
				"west": {"uv": [0, 0, 0, 0], "texture": "#0"},
				"up": {"uv": [1.5, 1.5, 6.5, 2.5], "texture": "#0"},
				"down": {"uv": [1.5, 5.5, 6.5, 6.5], "texture": "#0"}
			}
		},
		{
			"name": "Cube",
			"from": [3, 4, 1],
			"to": [13, 12, 3],
			"faces": {
				"north": {"uv": [1.5, 2, 6.5, 6], "texture": "#0"},
				"south": {"uv": [1.5, 2, 6.5, 6], "texture": "#0"},
				"up": {"uv": [1.5, 1.5, 6.5, 2.5], "rotation": 180, "texture": "#0"},
				"down": {"uv": [1.5, 5.5, 6.5, 6.5], "rotation": 180, "texture": "#0"}
			}
		},
		{
			"name": "Cube",
			"from": [7, -3, 3],
			"to": [9, 2, 5],
			"rotation": {"angle": 22.5, "axis": "x", "origin": [8, 8, 8]},
			"faces": {
				"north": {"uv": [3.5, 0, 4.5, 2.5], "rotation": 180, "texture": "#0"},
				"east": {"uv": [4, 0, 5, 2.5], "rotation": 180, "texture": "#0"},
				"south": {"uv": [3.5, 0, 4.5, 2.5], "rotation": 180, "texture": "#0"},
				"west": {"uv": [3, 0, 4, 2.5], "rotation": 180, "texture": "#0"},
				"down": {"uv": [3.5, 0, 4.5, 1], "rotation": 180, "texture": "#0"}
			}
		},
		{
			"name": "Cube",
			"from": [7, -3, 11],
			"to": [9, 2, 13],
			"rotation": {"angle": -22.5, "axis": "x", "origin": [8, 8, 8]},
			"faces": {
				"north": {"uv": [3.5, 0, 4.5, 2.5], "rotation": 180, "texture": "#0"},
				"east": {"uv": [3, 0, 4, 2.5], "rotation": 180, "texture": "#0"},
				"south": {"uv": [3.5, 0, 4.5, 2.5], "rotation": 180, "texture": "#0"},
				"west": {"uv": [4, 0, 5, 2.5], "rotation": 180, "texture": "#0"},
				"down": {"uv": [3.5, 0, 4.5, 1], "rotation": 180, "texture": "#0"}
			}
		},
		{
			"name": "Cube",
			"from": [11, -3, 7],
			"to": [13, 2, 9],
			"rotation": {"angle": 22.5, "axis": "z", "origin": [8, 8, 8]},
			"faces": {
				"north": {"uv": [3, 0, 4, 2.5], "rotation": 180, "texture": "#0"},
				"east": {"uv": [3.5, 0, 4.5, 2.5], "rotation": 180, "texture": "#0"},
				"south": {"uv": [4, 0, 5, 2.5], "rotation": 180, "texture": "#0"},
				"west": {"uv": [3.5, 0, 4.5, 2.5], "rotation": 180, "texture": "#0"},
				"down": {"uv": [3.5, 0, 4.5, 1], "rotation": 180, "texture": "#0"}
			}
		},
		{
			"name": "Cube",
			"from": [3, -3, 7],
			"to": [5, 2, 9],
			"rotation": {"angle": -22.5, "axis": "z", "origin": [8, 8, 8]},
			"faces": {
				"north": {"uv": [4, 0, 5, 2.5], "rotation": 180, "texture": "#0"},
				"east": {"uv": [3.5, 0, 4.5, 2.5], "rotation": 180, "texture": "#0"},
				"south": {"uv": [3, 0, 4, 2.5], "rotation": 180, "texture": "#0"},
				"west": {"uv": [3.5, 0, 4.5, 2.5], "rotation": 180, "texture": "#0"},
				"down": {"uv": [3.5, 0, 4.5, 1], "rotation": 180, "texture": "#0"}
			}
		},
		{
			"name": "Cube",
			"from": [0, 7, 6],
			"to": [1, 8, 10],
			"rotation": {"angle": -22.5, "axis": "z", "origin": [8, 8, 8]},
			"faces": {
				"north": {"uv": [8.5, 8.5, 9, 9], "texture": "#0"},
				"east": {"uv": [8.5, 8.5, 10.5, 9], "texture": "#0"},
				"south": {"uv": [10, 8.5, 10.5, 9], "texture": "#0"},
				"west": {"uv": [8.5, 8.5, 10.5, 9], "texture": "#0"},
				"up": {"uv": [8.5, 8.5, 10.5, 9], "rotation": 90, "texture": "#0"},
				"down": {"uv": [8.5, 8.5, 10.5, 9], "rotation": 90, "texture": "#0"}
			}
		},
		{
			"name": "Cube",
			"from": [0, 4, 6],
			"to": [1, 5, 10],
			"rotation": {"angle": -22.5, "axis": "z", "origin": [8, 8, 8]},
			"faces": {
				"north": {"uv": [8.5, 10, 9, 10.5], "texture": "#0"},
				"east": {"uv": [8.5, 10, 10.5, 10.5], "texture": "#0"},
				"south": {"uv": [10, 10, 10.5, 10.5], "texture": "#0"},
				"west": {"uv": [8.5, 10, 10.5, 10.5], "texture": "#0"},
				"up": {"uv": [8.5, 10, 10.5, 10.5], "rotation": 90, "texture": "#0"},
				"down": {"uv": [8.5, 10, 10.5, 10.5], "rotation": 90, "texture": "#0"}
			}
		},
		{
			"name": "Cube",
			"from": [15, 4, 6],
			"to": [16, 5, 10],
			"rotation": {"angle": 22.5, "axis": "z", "origin": [8, 8, 8]},
			"faces": {
				"north": {"uv": [8.5, 10, 9, 10.5], "rotation": 90, "texture": "#0"},
				"east": {"uv": [8.5, 10, 10.5, 10.5], "texture": "#0"},
				"south": {"uv": [8.5, 10, 9, 10.5], "rotation": 90, "texture": "#0"},
				"west": {"uv": [8.5, 10, 10.5, 10.5], "texture": "#0"},
				"up": {"uv": [8.5, 10, 10.5, 10.5], "rotation": 90, "texture": "#0"},
				"down": {"uv": [8.5, 10, 10.5, 10.5], "rotation": 90, "texture": "#0"}
			}
		},
		{
			"name": "Cube",
			"from": [15, 7, 6],
			"to": [16, 8, 10],
			"rotation": {"angle": 22.5, "axis": "z", "origin": [8, 8, 8]},
			"faces": {
				"north": {"uv": [10, 8.5, 10.5, 9], "rotation": 90, "texture": "#0"},
				"east": {"uv": [8.5, 8.5, 10.5, 9], "texture": "#0"},
				"south": {"uv": [8.5, 8.5, 9, 9], "rotation": 90, "texture": "#0"},
				"west": {"uv": [8.5, 8.5, 10.5, 9], "texture": "#0"},
				"up": {"uv": [8.5, 8.5, 10.5, 9], "rotation": 90, "texture": "#0"},
				"down": {"uv": [8.5, 8.5, 10.5, 9], "rotation": 90, "texture": "#0"}
			}
		},
		{
			"name": "Cube",
			"from": [0, 5, 6],
			"to": [1, 7, 7],
			"rotation": {"angle": -22.5, "axis": "z", "origin": [8, 8, 8]},
			"faces": {
				"north": {"uv": [8.5, 9, 9, 10], "texture": "#0"},
				"east": {"uv": [8.5, 9, 9, 10], "texture": "#0"},
				"south": {"uv": [8.5, 9, 9, 10], "texture": "#0"},
				"west": {"uv": [8.5, 9, 9, 10], "texture": "#0"}
			}
		},
		{
			"name": "Cube",
			"from": [0, 5, 9],
			"to": [1, 7, 10],
			"rotation": {"angle": -22.5, "axis": "z", "origin": [8, 8, 8]},
			"faces": {
				"north": {"uv": [10, 9, 10.5, 10], "texture": "#0"},
				"east": {"uv": [10, 9, 10.5, 10], "texture": "#0"},
				"south": {"uv": [10, 9, 10.5, 10], "texture": "#0"},
				"west": {"uv": [10, 9, 10.5, 10], "texture": "#0"}
			}
		},
		{
			"name": "Cube",
			"from": [15, 5, 9],
			"to": [16, 7, 10],
			"rotation": {"angle": 22.5, "axis": "z", "origin": [8, 8, 8]},
			"faces": {
				"north": {"uv": [8.5, 9, 9, 10], "texture": "#0"},
				"east": {"uv": [8.5, 9, 9, 10], "texture": "#0"},
				"south": {"uv": [8.5, 9, 9, 10], "texture": "#0"},
				"west": {"uv": [8.5, 9, 9, 10], "texture": "#0"}
			}
		},
		{
			"name": "Cube",
			"from": [15, 5, 6],
			"to": [16, 7, 7],
			"rotation": {"angle": 22.5, "axis": "z", "origin": [8, 8, 8]},
			"faces": {
				"north": {"uv": [10, 9, 10.5, 10], "texture": "#0"},
				"east": {"uv": [10, 9, 10.5, 10], "texture": "#0"},
				"south": {"uv": [10, 9, 10.5, 10], "texture": "#0"},
				"west": {"uv": [10, 9, 10.5, 10], "texture": "#0"}
			}
		}
	],
	"display": {
		"thirdperson_righthand": {
			"rotation": [75, 315, 0],
			"translation": [0, 2.5, 0],
			"scale": [0.375, 0.375, 0.375]
		},
		"firstperson_righthand": {
			"rotation": [0, 315, 0],
			"translation": [0, 2.5, 0],
			"scale": [0.4, 0.4, 0.4]
		},
		"ground": {
			"translation": [0, 3, 0],
			"scale": [0.25, 0.25, 0.25]
		},
		"gui": {
			"rotation": [30, 45, 0],
			"scale": [0.625, 0.625, 0.625]
		},
		"head": {
			"rotation": [0, 180, 0]
		},
		"fixed": {
			"rotation": [0, 180, 0]
		}
	},
	"groups": [
		{
			"name": "couldron",
			"origin": [8, 8, 8],
			"children": [0, 1, 2, 3, 4, 5, 6, 7, 8, 9, 10, 11, 12, 13, 14, 15, 16, 17, 18, 19, 20, 21, 22, 23, 24]
		}
	]
}