{
  "ambientocclusion": false,
  "textures": {
	"alert": "block/alert",
	"alert_particle": "#crop",
    "particle": "#crop"
  },
  "elements": [
    {
      "from": [4, 0, 0],
      "to": [4, 15, 16],
      "shade": false,
      "faces": {
        "west": {
          "uv": [0, 0, 16, 16],
          "texture": "#crop"
        },
        "east": {
          "uv": [0, 0, 16, 16],
          "texture": "#crop"
        }
      }
    },
    {
      "from": [12, 0, 0],
      "to": [12, 15, 16],
      "shade": false,
      "faces": {
        "west": {
          "uv": [0, 0, 16, 16],
          "texture": "#crop"
        },
        "east": {
          "uv": [0, 0, 16, 16],
          "texture": "#crop"
        }
      }
    },
    {
      "from": [0, 0, 4],
      "to": [16, 15, 4],
      "shade": false,
      "faces": {
        "north": {
          "uv": [0, 0, 16, 16],
          "texture": "#crop"
        },
        "south": {
          "uv": [0, 0, 16, 16],
          "texture": "#crop"
        }
      }
    },
    {
      "from": [0, 0, 12],
      "to": [16, 15, 12],
      "shade": false,
      "faces": {
        "north": {
          "uv": [0, 0, 16, 16],
          "texture": "#crop"
        },
        "south": {
          "uv": [0, 0, 16, 16],
          "texture": "#crop"
        }
      }
    },
	{
		"name": "alert_particle",
		"from": [7, 15, 7],
		"to": [9, 17, 9],
		"shade": false,
		"rotation": {"angle": 0, "axis": "y", "origin": [15, 23, 15]},
		"faces": {
			"north": {"uv": [2, 0, 4, 2], "texture": "#alert", "cullface": "up"},
			"east": {"uv": [2, 0, 4, 2], "texture": "#alert", "cullface": "up"},
			"south": {"uv": [2, 0, 4, 2], "texture": "#alert", "cullface": "up"},
			"west": {"uv": [2, 0, 4, 2], "texture": "#alert", "cullface": "up"},
			"up": {"uv": [2, 0, 4, 2], "texture": "#alert", "cullface": "up"},
			"down": {"uv": [2, 0, 4, 2], "texture": "#alert", "cullface": "up"}
		}
	},
	{
		"name": "alert_particle",
		"from": [7, 18, 7],
		"to": [9, 23, 9],
		"shade": false,
		"rotation": {"angle": 0, "axis": "y", "origin": [15, 27, 15]},
		"faces": {
			"north": {"uv": [0, 0, 2, 5], "texture": "#alert", "cullface": "up"},
			"east": {"uv": [0, 0, 2, 5], "texture": "#alert", "cullface": "up"},
			"south": {"uv": [0, 0, 2, 5], "texture": "#alert", "cullface": "up"},
			"west": {"uv": [0, 0, 2, 5], "texture": "#alert", "cullface": "up"},
			"up": {"uv": [2, 0, 4, 2], "texture": "#alert", "cullface": "up"},
			"down": {"uv": [2, 0, 4, 2], "texture": "#alert", "cullface": "up"}
			}
	},
	{
		"name": "alert_particle",
		"from": [7, 16.001, 7],
		"to": [9, 18.001, 9],
		"shade": false,
		"rotation": {"angle": 0, "axis": "y", "origin": [15, 24, 15]},
		"faces": {
			"north": {"uv": [6, 0, 8, 2], "texture": "#alert", "cullface": "up"},
			"east": {"uv": [6, 0, 8, 2], "texture": "#alert", "cullface": "up"},
			"south": {"uv": [6, 0, 8, 2], "texture": "#alert", "cullface": "up"},
			"west": {"uv": [6, 0, 8, 2], "texture": "#alert", "cullface": "up"},
			"up": {"uv": [6, 0, 8, 2], "texture": "#alert", "cullface": "up"},
			"down": {"uv": [6, 0, 8, 2], "texture": "#alert", "cullface": "up"}
		}
	},
	{
		"name": "alert_particle",
		"from": [7, 19, 7],
		"to": [9, 24, 9],
		"shade": false,
		"rotation": {"angle": 0, "axis": "y", "origin": [15, 28, 15]},
		"faces": {
			"north": {"uv": [4, 0, 6, 5], "texture": "#alert", "cullface": "up"},
			"east": {"uv": [4, 0, 6, 5], "texture": "#alert", "cullface": "up"},
			"south": {"uv": [4, 0, 6, 5], "texture": "#alert", "cullface": "up"},
			"west": {"uv": [4, 0, 6, 5], "texture": "#alert", "cullface": "up"},
			"up": {"uv": [6, 0, 8, 2], "texture": "#alert", "cullface": "up"},
			"down": {"uv": [6, 0, 8, 2], "texture": "#alert", "cullface": "up"}
		}
	}
  ]
}
