{
	"credit": "Made with Blockbench",
	"textures": {
		"particle": "#fence"
	},
	"elements": [
		{
			"name": "Top cap",
			"from": [6, 14.5, 6],
			"to": [10, 16, 10],
			"faces": {
				"north": {"uv": [6, 0, 10, 1], "texture": "#fence"},
				"east": {"uv": [6, 0, 10, 1], "texture": "#fence"},
				"south": {"uv": [6, 0, 10, 1], "texture": "#fence"},
				"west": {"uv": [6, 0, 10, 1], "texture": "#fence"},
				"up": {"uv": [0, 7, 4, 11], "texture": "#fence", "cullface": "up"}
			}
		},
		{
			"name": "Bottom cap",
			"from": [6, 0, 6],
			"to": [10, 1.5, 10],
			"faces": {
				"north": {"uv": [6, 15, 10, 16], "texture": "#fence"},
				"east": {"uv": [6, 15, 10, 16], "texture": "#fence"},
				"south": {"uv": [6, 15, 10, 16], "texture": "#fence"},
				"west": {"uv": [6, 15, 10.01, 16], "texture": "#fence"},
				"down": {"uv": [0, 7, 4, 11], "texture": "#fence", "cullface": "down"}
			}
		},
		{
			"name": "Carved side > north - south",
			"from": [7, 1.5, 6.4],
			"to": [9, 14.5, 9.6],
			"faces": {
				"north": {"uv": [7, 1.5, 9, 14.5], "texture": "#fence"},
				"south": {"uv": [7, 1.5, 9, 14.5], "texture": "#fence"}
			}
		},
		{
			"name": "Carved side > east - west",
			"from": [6.4, 1.5, 7],
			"to": [9.6, 14.5, 9],
			"faces": {
				"east": {"uv": [7, 1.5, 9, 14.5], "texture": "#fence"},
				"west": {"uv": [7, 1.5, 9, 14.5], "texture": "#fence"}
			}
		},
		{
			"name": "Side strips",
			"from": [9, 1.5, 6],
			"to": [10, 14.5, 7],
			"faces": {
				"north": {"uv": [6, 1.5, 7, 14.5], "texture": "#fence"},
				"east": {"uv": [9, 1.5, 10, 14.5], "texture": "#fence"},
				"south": {"uv": [9, 1.5, 10, 14.5], "texture": "#fence"},
				"west": {"uv": [6, 1.5, 7, 14.5], "texture": "#fence"}
			}
		},
		{
			"name": "Cube",
			"from": [6, 1.5, 6],
			"to": [7, 14.5, 7],
			"faces": {
				"north": {"uv": [9, 1.5, 10, 14.5], "texture": "#fence"},
				"east": {"uv": [9, 1.5, 10, 14.5], "texture": "#fence"},
				"south": {"uv": [6, 1.5, 7, 14.5], "texture": "#fence"},
				"west": {"uv": [6, 1.5, 7, 14.5], "texture": "#fence"}
			}
		},
		{
			"name": "Cube",
			"from": [6, 1.5, 9],
			"to": [7, 14.5, 10],
			"faces": {
				"north": {"uv": [9, 1.5, 10, 14.5], "texture": "#fence"},
				"east": {"uv": [6, 1.5, 7, 14.5], "texture": "#fence"},
				"south": {"uv": [6, 1.5, 7, 14.5], "texture": "#fence"},
				"west": {"uv": [9, 1.5, 10, 14.5], "texture": "#fence"}
			}
		},
		{
			"name": "Cube",
			"from": [9, 1.5, 9],
			"to": [10, 14.5, 10],
			"faces": {
				"north": {"uv": [6, 1.5, 7, 14.5], "texture": "#fence"},
				"east": {"uv": [6, 1.5, 7, 14.5], "texture": "#fence"},
				"south": {"uv": [9, 1.5, 10, 14.5], "texture": "#fence"},
				"west": {"uv": [9, 1.5, 10, 14.5], "texture": "#fence"}
			}
		},
		{
			"name": "Lower Rotated part - west",
			"from": [6, 1.5, 7],
			"to": [6, 2.547, 9],
			"rotation": {"angle": -22.5, "axis": "z", "origin": [6, 1.5, 8]},
			"faces": {
				"west": {"uv": [7, 14, 9, 15], "texture": "#fence"}
			}
		},
		{
			"name": "Lower Rotated part - east",
			"from": [10, 1.5, 7],
			"to": [10, 2.547, 9],
			"rotation": {"angle": 22.5, "axis": "z", "origin": [10, 1.5, 8]},
			"faces": {
				"east": {"uv": [7, 14, 9, 15], "texture": "#fence"}
			}
		},
		{
			"name": "Lower Rotated part - north",
			"from": [7, 1.5, 6],
			"to": [9, 2.547, 6],
			"rotation": {"angle": 22.5, "axis": "x", "origin": [8, 1.5, 6]},
			"faces": {
				"north": {"uv": [7, 14, 9, 15], "texture": "#fence"}
			}
		},
		{
			"name": "Lower Rotated part - south",
			"from": [7, 1.5, 10],
			"to": [9, 2.547, 10],
			"rotation": {"angle": -22.5, "axis": "x", "origin": [8, 1.5, 10]},
			"faces": {
				"south": {"uv": [7, 14, 9, 15], "texture": "#fence"}
			}
		},
		{
			"name": "Upper Rotated part - west",
			"from": [6, 13.453, 7],
			"to": [6, 14.5, 9],
			"rotation": {"angle": 22.5, "axis": "z", "origin": [6, 14.5, 8]},
			"faces": {
				"west": {"uv": [7, 1.5, 9, 2.5], "texture": "#fence"}
			}
		},
		{
			"name": "Upper Rotated part - east",
			"from": [10, 13.453, 7],
			"to": [10, 14.5, 9],
			"rotation": {"angle": -22.5, "axis": "z", "origin": [10, 14.5, 8]},
			"faces": {
				"east": {"uv": [7, 1.5, 9, 2.5], "texture": "#fence"}
			}
		},
		{
			"name": "Upper Rotated part - north",
			"from": [7, 13.453, 6],
			"to": [9, 14.5, 6],
			"rotation": {"angle": -22.5, "axis": "x", "origin": [8, 14.5, 6]},
			"faces": {
				"north": {"uv": [7, 1.5, 9, 2.5], "texture": "#fence"}
			}
		},
		{
			"name": "Upper Rotated part - south",
			"from": [7, 13.453, 10],
			"to": [9, 14.5, 10],
			"rotation": {"angle": 22.5, "axis": "x", "origin": [8, 14.5, 10]},
			"faces": {
				"south": {"uv": [7, 1.5, 9, 2.5], "texture": "#fence"}
			}
		}
	]
}