{
	"textures": {
		"particle": "#fence"
	},
	"elements": [
		{
			"name": "Upper Rail",
			"from": [7, 12, 0],
			"to": [9, 15, 6],
			"faces": {
				"north": {"uv": [15, 7, 16, 10], "texture": "#fence", "cullface": "north"},
				"east": {"uv": [10, 4, 16, 7], "texture": "#fence"},
				"west": {"uv": [16, 4, 10, 7], "texture": "#fence"},
				"up": {"uv": [10, 0, 16, 2], "rotation": 270, "texture": "#fence"},
				"down": {"uv": [10, 2, 16, 4], "rotation": 90, "texture": "#fence"}
			}
		},
		{
			"name": "Lower Rail",
			"from": [7, 6, 0],
			"to": [9, 9, 6],
			"faces": {
				"north": {"uv": [15, 7, 16, 10], "texture": "#fence", "cullface": "north"},
				"east": {"uv": [10, 4, 16, 7], "texture": "#fence"},
				"west": {"uv": [16, 4, 10, 7], "texture": "#fence"},
				"up": {"uv": [10, 0, 16, 2], "rotation": 270, "texture": "#fence"},
				"down": {"uv": [10, 2, 16, 4], "rotation": 90, "texture": "#fence"}
			}
		}
	]
}