{
	"variants": {
		"": [
			{
				"model": "block/bookshelf/block/0", "weight": 100
			},
			{
				"model": "block/bookshelf/block/1", "weight": 250
			},
			{
				"model": "block/bookshelf/block/2", "weight": 250
			},
			{
				"model": "block/bookshelf/block/3", "weight": 275
			},
			{
				"model": "block/bookshelf/block/4", "weight": 100
			},
			{
				"model": "block/bookshelf/block/5", "weight": 500
			},
			{
				"model": "block/bookshelf/block/6", "weight": 500
			},
			{
				"model": "block/bookshelf/block/7", "weight": 500
			},
			{
				"model": "block/bookshelf/block/8", "weight": 500
			},
			{
				"model": "block/bookshelf/block/9", "weight": 250
			},
			{
				"model": "block/bookshelf/block/10", "weight": 50
			},
			{
				"model": "block/bookshelf/block/11", "weight": 125
			},
			{
				"model": "block/bookshelf/block/12", "weight": 100
			},
			{
				"model": "block/bookshelf/block/13", "weight": 300
			},
			{
				"model": "block/bookshelf/block/14", "weight": 300
			},
			{
				"model": "block/bookshelf/block/15", "weight": 300
			}
		]
	}
}