{
  "__comment": "Model generated using MrCrayfish's Model Creator (https://mrcrayfish.com/tools?id=mc)",
  "textures": {
    "therium_crystal_stage3": "byg:block/ametrine_cluster",
    "particle": "byg:block/ametrine_cluster",
    "alert": "block/alert"
  },
  "display": {
    "gui": {
      "rotation": [
        30,
        45,
        0
      ],
      "translation": [
        0,
        0,
        0
      ],
      "scale": [
        0.625,
        0.625,
        0.625
      ]
    },
    "ground": {
      "rotation": [
        0,
        0,
        0
      ],
      "translation": [
        0,
        3,
        0
      ],
      "scale": [
        0.25,
        0.25,
        0.25
      ]
    },
    "fixed": {
      "rotation": [
        0,
        180,
        0
      ],
      "translation": [
        0,
        0,
        0
      ],
      "scale": [
        1,
        1,
        1
      ]
    },
    "head": {
      "rotation": [
        0,
        180,
        0
      ],
      "translation": [
        0,
        0,
        0
      ],
      "scale": [
        1,
        1,
        1
      ]
    },
    "firstperson_righthand": {
      "rotation": [
        0,
        315,
        0
      ],
      "translation": [
        0,
        2.5,
        0
      ],
      "scale": [
        0.4,
        0.4,
        0.4
      ]
    },
    "thirdperson_righthand": {
      "rotation": [
        75,
        315,
        0
      ],
      "translation": [
        0,
        2.5,
        0
      ],
      "scale": [
        0.375,
        0.375,
        0.375
      ]
    }
  },
  "elements": [
    {
      "name": "SideNW",
      "shade": false,
      "from": [
        0,
        0,
        8
      ],
      "to": [
        16,
        16,
        8
      ],
      "rotation": {
        "origin": [
          8,
          8,
          8
        ],
        "axis": "y",
        "angle": 45,
        "rescale": true
      },
      "faces": {
        "north": {
          "texture": "#therium_crystal_stage3",
          "uv": [
            0,
            0,
            16,
            16
          ]
        },
        "east": {
          "texture": "#therium_crystal_stage3",
          "uv": [
            0,
            0,
            0,
            16
          ]
        },
        "south": {
          "texture": "#therium_crystal_stage3",
          "uv": [
            0,
            0,
            16,
            16
          ]
        },
        "west": {
          "texture": "#therium_crystal_stage3",
          "uv": [
            0,
            0,
            0,
            16
          ]
        },
        "up": {
          "texture": "#therium_crystal_stage3",
          "uv": [
            0,
            0,
            16,
            0
          ]
        },
        "down": {
          "texture": "#therium_crystal_stage3",
          "uv": [
            0,
            0,
            16,
            0
          ]
        }
      }
    },
    {
      "name": "SideSW",
      "shade": false,
      "from": [
        0,
        0,
        8
      ],
      "to": [
        16,
        16,
        8
      ],
      "rotation": {
        "origin": [
          8,
          8,
          8
        ],
        "axis": "y",
        "angle": -45,
        "rescale": true
      },
      "faces": {
        "north": {
          "texture": "#therium_crystal_stage3",
          "uv": [
            0,
            0,
            16,
            16
          ]
        },
        "east": {
          "texture": "#therium_crystal_stage3",
          "uv": [
            0,
            0,
            0,
            16
          ]
        },
        "south": {
          "texture": "#therium_crystal_stage3",
          "uv": [
            0,
            0,
            16,
            16
          ]
        },
        "west": {
          "texture": "#therium_crystal_stage3",
          "uv": [
            0,
            0,
            0,
            16
          ]
        },
        "up": {
          "texture": "#therium_crystal_stage3",
          "uv": [
            0,
            0,
            16,
            0
          ]
        },
        "down": {
          "texture": "#therium_crystal_stage3",
          "uv": [
            0,
            0,
            16,
            0
          ]
        }
      }
    },
    {
      "name": "SideN",
      "shade": false,
      "from": [
        0,
        2,
        3
      ],
      "to": [
        16,
        18,
        3
      ],
      "rotation": {
        "origin": [
          8,
          8,
          8
        ],
        "axis": "x",
        "angle": -22.5,
        "rescale": true
      },
      "faces": {
        "north": {
          "texture": "#therium_crystal_stage3",
          "uv": [
            0,
            0,
            16,
            16
          ]
        },
        "east": {
          "texture": "#therium_crystal_stage3",
          "uv": [
            0,
            0,
            0,
            16
          ]
        },
        "south": {
          "texture": "#therium_crystal_stage3",
          "uv": [
            0,
            0,
            16,
            16
          ]
        },
        "west": {
          "texture": "#therium_crystal_stage3",
          "uv": [
            0,
            0,
            0,
            16
          ]
        },
        "up": {
          "texture": "#therium_crystal_stage3",
          "uv": [
            0,
            0,
            16,
            0
          ]
        },
        "down": {
          "texture": "#therium_crystal_stage3",
          "uv": [
            0,
            0,
            16,
            0
          ],
          "cullface": "down"
        }
      }
    },
    {
      "name": "SideS",
      "shade": false,
      "from": [
        0,
        2,
        13
      ],
      "to": [
        16,
        18,
        13
      ],
      "rotation": {
        "origin": [
          8,
          8,
          8
        ],
        "axis": "x",
        "angle": 22.5,
        "rescale": true
      },
      "faces": {
        "north": {
          "texture": "#therium_crystal_stage3",
          "uv": [
            0,
            0,
            16,
            16
          ]
        },
        "east": {
          "texture": "#therium_crystal_stage3",
          "uv": [
            0,
            0,
            0,
            16
          ]
        },
        "south": {
          "texture": "#therium_crystal_stage3",
          "uv": [
            0,
            0,
            16,
            16
          ]
        },
        "west": {
          "texture": "#therium_crystal_stage3",
          "uv": [
            0,
            0,
            0,
            16
          ]
        },
        "up": {
          "texture": "#therium_crystal_stage3",
          "uv": [
            0,
            0,
            16,
            0
          ]
        },
        "down": {
          "texture": "#therium_crystal_stage3",
          "uv": [
            0,
            0,
            16,
            0
          ]
        }
      }
    },
    {
      "name": "SideW",
      "shade": false,
      "from": [
        3,
        2,
        0
      ],
      "to": [
        3,
        18,
        16
      ],
      "rotation": {
        "origin": [
          8,
          8,
          8
        ],
        "axis": "z",
        "angle": 22.5,
        "rescale": true
      },
      "faces": {
        "north": {
          "texture": "#therium_crystal_stage3",
          "uv": [
            0,
            0,
            0,
            16
          ]
        },
        "east": {
          "texture": "#therium_crystal_stage3",
          "uv": [
            0,
            0,
            16,
            16
          ]
        },
        "south": {
          "texture": "#therium_crystal_stage3",
          "uv": [
            0,
            0,
            0,
            16
          ]
        },
        "west": {
          "texture": "#therium_crystal_stage3",
          "uv": [
            0,
            0,
            16,
            16
          ]
        },
        "up": {
          "texture": "#therium_crystal_stage3",
          "uv": [
            0,
            0,
            0,
            16
          ]
        },
        "down": {
          "texture": "#therium_crystal_stage3",
          "uv": [
            0,
            0,
            0,
            16
          ]
        }
      }
    },
    {
      "name": "SideE",
      "shade": false,
      "from": [
        13,
        2,
        0
      ],
      "to": [
        13,
        18,
        16
      ],
      "rotation": {
        "origin": [
          8,
          8,
          8
        ],
        "axis": "z",
        "angle": -22.5,
        "rescale": true
      },
      "faces": {
        "north": {
          "texture": "#therium_crystal_stage3",
          "uv": [
            0,
            0,
            0,
            16
          ]
        },
        "east": {
          "texture": "#therium_crystal_stage3",
          "uv": [
            0,
            0,
            16,
            16
          ]
        },
        "south": {
          "texture": "#therium_crystal_stage3",
          "uv": [
            0,
            0,
            0,
            16
          ]
        },
        "west": {
          "texture": "#therium_crystal_stage3",
          "uv": [
            0,
            0,
            16,
            16
          ]
        },
        "up": {
          "texture": "#therium_crystal_stage3",
          "uv": [
            0,
            0,
            0,
            16
          ]
        },
        "down": {
          "texture": "#therium_crystal_stage3",
          "uv": [
            0,
            0,
            0,
            16
          ]
        }
      }
    },
    {
      "name": "alert",
      "from": [
        7,
        18,
        7
      ],
      "to": [
        9,
        20,
        9
      ],
      "shade": false,
      "faces": {
        "north": {
          "uv": [
            2,
            0,
            4,
            2
          ],
          "texture": "#alert"
        },
        "east": {
          "uv": [
            2,
            0,
            4,
            2
          ],
          "texture": "#alert"
        },
        "south": {
          "uv": [
            2,
            0,
            4,
            2
          ],
          "texture": "#alert"
        },
        "west": {
          "uv": [
            2,
            0,
            4,
            2
          ],
          "texture": "#alert"
        },
        "up": {
          "uv": [
            2,
            0,
            4,
            2
          ],
          "texture": "#alert"
        },
        "down": {
          "uv": [
            2,
            0,
            4,
            2
          ],
          "texture": "#alert"
        }
      }
    },
    {
      "name": "alert",
      "from": [
        7,
        21,
        7
      ],
      "to": [
        9,
        26,
        9
      ],
      "shade": false,
      "faces": {
        "north": {
          "uv": [
            0,
            0,
            2,
            5
          ],
          "texture": "#alert"
        },
        "east": {
          "uv": [
            0,
            0,
            2,
            5
          ],
          "texture": "#alert"
        },
        "south": {
          "uv": [
            0,
            0,
            2,
            5
          ],
          "texture": "#alert"
        },
        "west": {
          "uv": [
            0,
            0,
            2,
            5
          ],
          "texture": "#alert"
        },
        "up": {
          "uv": [
            2,
            0,
            4,
            2
          ],
          "texture": "#alert"
        },
        "down": {
          "uv": [
            2,
            0,
            4,
            2
          ],
          "texture": "#alert"
        }
      }
    },
    {
      "name": "alert",
      "from": [
        7,
        19,
        7
      ],
      "to": [
        9,
        21,
        9
      ],
      "shade": false,
      "faces": {
        "north": {
          "uv": [
            6,
            0,
            8,
            2
          ],
          "texture": "#alert"
        },
        "east": {
          "uv": [
            6,
            0,
            8,
            2
          ],
          "texture": "#alert"
        },
        "south": {
          "uv": [
            6,
            0,
            8,
            2
          ],
          "texture": "#alert"
        },
        "west": {
          "uv": [
            6,
            0,
            8,
            2
          ],
          "texture": "#alert"
        },
        "up": {
          "uv": [
            6,
            0,
            8,
            2
          ],
          "texture": "#alert"
        },
        "down": {
          "uv": [
            6,
            0,
            8,
            2
          ],
          "texture": "#alert"
        }
      }
    },
    {
      "name": "alert",
      "from": [
        7,
        22,
        7
      ],
      "to": [
        9,
        27,
        9
      ],
      "shade": false,
      "faces": {
        "north": {
          "uv": [
            4,
            0,
            6,
            5
          ],
          "texture": "#alert"
        },
        "east": {
          "uv": [
            4,
            0,
            6,
            5
          ],
          "texture": "#alert"
        },
        "south": {
          "uv": [
            4,
            0,
            6,
            5
          ],
          "texture": "#alert"
        },
        "west": {
          "uv": [
            4,
            0,
            6,
            5
          ],
          "texture": "#alert"
        },
        "up": {
          "uv": [
            6,
            0,
            8,
            2
          ],
          "texture": "#alert"
        },
        "down": {
          "uv": [
            6,
            0,
            8,
            2
          ],
          "texture": "#alert"
        }
      }
    }
  ]
}