{
	"credit": "Made by XeKr with Blockbench",
	"parent": "minecraft:block/cross",
	"textures": {
		"1": "block/allium_3dx",
		"particle": "block/allium_3dx"
	},
	"elements": [
		{
			"from": [7, 0, 11],
			"to": [11, 8, 11],
			"shade": false,
			"rotation": {"angle": 22.5, "axis": "y", "origin": [9, 0, 11]},
			"faces": {
				"north": {"uv": [5, 8, 8, 16], "texture": "#1"},
				"south": {"uv": [5, 8, 8, 16], "texture": "#1"}
			}
		},
		{
			"from": [9, 0, 9],
			"to": [9, 8, 13],
			"shade": false,
			"rotation": {"angle": 22.5, "axis": "y", "origin": [9, 0, 11]},
			"faces": {
				"east": {"uv": [5, 8, 8, 16], "texture": "#1"},
				"west": {"uv": [5, 8, 8, 16], "texture": "#1"}
			}
		},
		{
			"from": [11, 0, 3],
			"to": [11, 6, 7],
			"shade": false,
			"rotation": {"angle": -22.5, "axis": "y", "origin": [11, -2, 5]},
			"faces": {
				"east": {"uv": [5, 8, 8, 14], "texture": "#1"},
				"west": {"uv": [5, 8, 8, 14], "texture": "#1"}
			}
		},
		{
			"from": [9, 0, 5],
			"to": [13, 6, 5],
			"shade": false,
			"rotation": {"angle": -22.5, "axis": "y", "origin": [11, -2, 5]},
			"faces": {
				"north": {"uv": [5, 8, 8, 14], "texture": "#1"},
				"south": {"uv": [5, 8, 8, 14], "texture": "#1"}
			}
		},
		{
			"from": [3, 0, 6],
			"to": [9, 11, 6],
			"shade": false,
			"rotation": {"angle": 0, "axis": "y", "origin": [6, 0, 6]},
			"faces": {
				"north": {"uv": [8, 1, 13, 12], "texture": "#1"},
				"south": {"uv": [8, 1, 13, 12], "texture": "#1"}
			}
		},
		{
			"from": [6, 0, 3],
			"to": [6, 11, 9],
			"shade": false,
			"rotation": {"angle": 0, "axis": "y", "origin": [6, 0, 6]},
			"faces": {
				"east": {"uv": [8, 1, 13, 12], "texture": "#1"},
				"west": {"uv": [8, 1, 13, 12], "texture": "#1"}
			}
		},
		{
			"from": [4.5, 7, 4.5],
			"to": [7.5, 10, 7.5],
			"shade": false,
			"rotation": {"angle": 45, "axis": "y", "origin": [6, 0, 6]},
			"faces": {
				"north": {"uv": [1, 4, 4, 7], "texture": "#1"},
				"east": {"uv": [1, 4, 4, 7], "texture": "#1"},
				"south": {"uv": [1, 4, 4, 7], "texture": "#1"},
				"west": {"uv": [1, 4, 4, 7], "texture": "#1"},
				"up": {"uv": [1, 4, 4, 7], "texture": "#1"},
				"down": {"uv": [1, 4, 4, 7], "texture": "#1"}
			}
		},
		{
			"from": [10.4, 3.9, 4.4],
			"to": [11.6, 5.1, 5.6],
			"shade": false,
			"rotation": {"angle": 22.5, "axis": "y", "origin": [11, 4.5, 5]},
			"faces": {
				"north": {"uv": [10, 2, 11, 3], "texture": "#1"},
				"east": {"uv": [10, 2, 11, 3], "texture": "#1"},
				"south": {"uv": [10, 2, 11, 3], "texture": "#1"},
				"west": {"uv": [10, 2, 11, 3], "texture": "#1"},
				"up": {"uv": [10, 2, 11, 3], "texture": "#1"},
				"down": {"uv": [10, 2, 11, 3], "texture": "#1"}
			}
		},
		{
			"from": [8.4, 5.9, 10.4],
			"to": [9.6, 7.1, 11.6],
			"shade": false,
			"rotation": {"angle": -22.5, "axis": "y", "origin": [9, 6.5, 11]},
			"faces": {
				"north": {"uv": [10, 2, 11, 3], "texture": "#1"},
				"east": {"uv": [10, 2, 11, 3], "texture": "#1"},
				"south": {"uv": [10, 2, 11, 3], "texture": "#1"},
				"west": {"uv": [10, 2, 11, 3], "texture": "#1"},
				"up": {"uv": [10, 2, 11, 3], "texture": "#1"},
				"down": {"uv": [10, 2, 11, 3], "texture": "#1"}
			}
		}
	]
}