{
	"credit": "Made by XeKr with Blockbench",
	"parent": "minecraft:block/cross",
	"textures": {
		"1": "block/allium_3dx",
		"particle": "block/allium_3dx"
	},
	"elements": [
		{
			"from": [5, 0, 8],
			"to": [11, 13, 8],
			"shade": false,
			"rotation": {"angle": -45, "axis": "y", "origin": [8, 0, 8]},
			"faces": {
				"north": {"uv": [0, 3, 5, 16], "texture": "#1"},
				"south": {"uv": [0, 3, 5, 16], "texture": "#1"}
			}
		},
		{
			"from": [5, 0, 8],
			"to": [11, 13, 8],
			"shade": false,
			"rotation": {"angle": 45, "axis": "y", "origin": [8, 0, 8]},
			"faces": {
				"north": {"uv": [0, 3, 5, 16], "texture": "#1"},
				"south": {"uv": [0, 3, 5, 16], "texture": "#1"}
			}
		},
		{
			"from": [6.4, 8.9, 6.4],
			"to": [9.6, 12.1, 9.6],
			"shade": false,
			"rotation": {"angle": 0, "axis": "y", "origin": [6.5, 9, 6.5]},
			"faces": {
				"north": {"uv": [1, 4, 4, 7], "texture": "#1"},
				"east": {"uv": [1, 4, 4, 7], "texture": "#1"},
				"south": {"uv": [1, 4, 4, 7], "texture": "#1"},
				"west": {"uv": [1, 4, 4, 7], "texture": "#1"},
				"up": {"uv": [1, 4, 4, 7], "texture": "#1"},
				"down": {"uv": [1, 4, 4, 7], "texture": "#1"}
			}
		},
		{
			"from": [5, 10.5, 6.5],
			"to": [11, 10.5, 9.5],
			"shade": false,
			"rotation": {"angle": -45, "axis": "z", "origin": [8, 10.5, 8]},
			"faces": {
				"up": {"uv": [0, 0, 5, 3], "texture": "#1"},
				"down": {"uv": [0, 0, 5, 3], "rotation": 180, "texture": "#1"}
			}
		},
		{
			"from": [8, 7.5, 6.5],
			"to": [8, 13.5, 9.5],
			"shade": false,
			"rotation": {"angle": -45, "axis": "z", "origin": [8, 10.5, 8]},
			"faces": {
				"east": {"uv": [0, 0, 5, 3], "rotation": 90, "texture": "#1"},
				"west": {"uv": [0, 0, 5, 3], "rotation": 270, "texture": "#1"}
			}
		},
		{
			"from": [6.5, 7.5, 8],
			"to": [9.5, 13.5, 8],
			"shade": false,
			"rotation": {"angle": 45, "axis": "x", "origin": [8, 10.5, 8]},
			"faces": {
				"north": {"uv": [0, 0, 5, 3], "rotation": 270, "texture": "#1"},
				"south": {"uv": [0, 0, 5, 3], "rotation": 90, "texture": "#1"}
			}
		},
		{
			"from": [6.5, 10.5, 5],
			"to": [9.5, 10.5, 11],
			"shade": false,
			"rotation": {"angle": 45, "axis": "x", "origin": [8, 10.5, 8]},
			"faces": {
				"up": {"uv": [0, 0, 5, 3], "rotation": 90, "texture": "#1"},
				"down": {"uv": [0, 0, 5, 3], "rotation": 90, "texture": "#1"}
			}
		}
	]
}