{
	"credit": "Made by XeKr with Blockbench",
	"parent": "minecraft:block/cross",
	"textures": {
		"1": "block/allium_3dx",
		"particle": "block/allium_3dx"
	},
	"elements": [
		{
			"from": [3, 0, 6],
			"to": [9, 8, 6],
			"shade": false,
			"rotation": {"angle": -45, "axis": "y", "origin": [6, -5, 6]},
			"faces": {
				"north": {"uv": [0, 3, 5, 11], "texture": "#1"},
				"south": {"uv": [0, 3, 5, 11], "texture": "#1"}
			}
		},
		{
			"from": [3, 0, 6],
			"to": [9, 8, 6],
			"shade": false,
			"rotation": {"angle": 45, "axis": "y", "origin": [6, -5, 6]},
			"faces": {
				"north": {"uv": [0, 3, 5, 11], "texture": "#1"},
				"south": {"uv": [0, 3, 5, 11], "texture": "#1"}
			}
		},
		{
			"from": [3, 5.5, 4.5],
			"to": [9, 5.5, 7.5],
			"shade": false,
			"rotation": {"angle": -45, "axis": "z", "origin": [6, 5.5, 6]},
			"faces": {
				"up": {"uv": [0, 0, 5, 3], "texture": "#1"},
				"down": {"uv": [0, 0, 5, 3], "rotation": 180, "texture": "#1"}
			}
		},
		{
			"from": [4.4, 3.9, 4.4],
			"to": [7.6, 7.1, 7.6],
			"shade": false,
			"rotation": {"angle": 0, "axis": "y", "origin": [4.5, 4, 4.5]},
			"faces": {
				"north": {"uv": [1, 4, 4, 7], "texture": "#1"},
				"east": {"uv": [1, 4, 4, 7], "texture": "#1"},
				"south": {"uv": [1, 4, 4, 7], "texture": "#1"},
				"west": {"uv": [1, 4, 4, 7], "texture": "#1"},
				"up": {"uv": [1, 4, 4, 7], "texture": "#1"},
				"down": {"uv": [1, 4, 4, 7], "texture": "#1"}
			}
		},
		{
			"from": [6, 2.5, 4.5],
			"to": [6, 8.5, 7.5],
			"shade": false,
			"rotation": {"angle": -45, "axis": "z", "origin": [6, 5.5, 6]},
			"faces": {
				"east": {"uv": [0, 0, 5, 3], "rotation": 90, "texture": "#1"},
				"west": {"uv": [0, 0, 5, 3], "rotation": 270, "texture": "#1"}
			}
		},
		{
			"from": [4.5, 5.5, 3],
			"to": [7.5, 5.5, 9],
			"shade": false,
			"rotation": {"angle": 45, "axis": "x", "origin": [6, 5.5, 6]},
			"faces": {
				"up": {"uv": [0, 0, 5, 3], "rotation": 90, "texture": "#1"},
				"down": {"uv": [0, 0, 5, 3], "rotation": 90, "texture": "#1"}
			}
		},
		{
			"from": [4.5, 2.5, 6],
			"to": [7.5, 8.5, 6],
			"shade": false,
			"rotation": {"angle": 45, "axis": "x", "origin": [6, 5.5, 6]},
			"faces": {
				"north": {"uv": [0, 0, 5, 3], "rotation": 270, "texture": "#1"},
				"south": {"uv": [0, 0, 5, 3], "rotation": 90, "texture": "#1"}
			}
		},
		{
			"from": [6, 0, 9],
			"to": [12, 15, 9],
			"shade": false,
			"rotation": {"angle": 0, "axis": "y", "origin": [9, 4, 9]},
			"faces": {
				"north": {"uv": [8, 1, 13, 16], "texture": "#1"},
				"south": {"uv": [8, 1, 13, 16], "texture": "#1"}
			}
		},
		{
			"from": [9, 0, 6],
			"to": [9, 15, 12],
			"shade": false,
			"rotation": {"angle": 0, "axis": "y", "origin": [9, 4, 9]},
			"faces": {
				"east": {"uv": [8, 1, 13, 16], "texture": "#1"},
				"west": {"uv": [8, 1, 13, 16], "texture": "#1"}
			}
		},
		{
			"from": [7.5, 11, 7.5],
			"to": [10.5, 14, 10.5],
			"shade": false,
			"rotation": {"angle": 45, "axis": "y", "origin": [9, 4, 9]},
			"faces": {
				"north": {"uv": [1, 4, 4, 7], "texture": "#1"},
				"east": {"uv": [1, 4, 4, 7], "texture": "#1"},
				"south": {"uv": [1, 4, 4, 7], "texture": "#1"},
				"west": {"uv": [1, 4, 4, 7], "texture": "#1"},
				"up": {"uv": [1, 4, 4, 7], "texture": "#1"},
				"down": {"uv": [1, 4, 4, 7], "texture": "#1"}
			}
		}
	]
}