{
	"credit": "Made by XeKr with Blockbench",
	"parent": "minecraft:block/cross",
	"textures": {
		"0": "block/azure_bluet_3dx",
		"particle": "block/azure_bluet_3dx"
	},
	"elements": [
		{
			"from": [0.5, 0, 8],
			"to": [15.5, 8, 8],
			"shade": false,
			"rotation": {"angle": 45, "axis": "y", "origin": [8, -1, 8]},
			"faces": {
				"north": {"uv": [0, 8, 13, 16], "texture": "#0"},
				"south": {"uv": [0, 8, 13, 16], "texture": "#0"}
			}
		},
		{
			"from": [0.5, 0, 8],
			"to": [15.5, 8, 8],
			"shade": false,
			"rotation": {"angle": -45, "axis": "y", "origin": [8, -1, 8]},
			"faces": {
				"north": {"uv": [0, 8, 13, 16], "texture": "#0"},
				"south": {"uv": [0, 8, 13, 16], "texture": "#0"}
			}
		},
		{
			"from": [3.5, 8, 8],
			"to": [12.5, 8, 15],
			"shade": false,
			"rotation": {"angle": 22.5, "axis": "x", "origin": [8, 8, 8]},
			"faces": {
				"up": {"uv": [0, 0, 9, 7], "texture": "#0"},
				"down": {"uv": [0, 7, 9, 0], "texture": "#0"}
			}
		},
		{
			"from": [1, 8, 3.5],
			"to": [8, 8, 12.5],
			"shade": false,
			"rotation": {"angle": 22.5, "axis": "z", "origin": [8, 8, 8]},
			"faces": {
				"up": {"uv": [0, 0, 9, 7], "rotation": 90, "texture": "#0"},
				"down": {"uv": [0, 7, 9, 0], "rotation": 270, "texture": "#0"}
			}
		},
		{
			"from": [3.5, 8, 1],
			"to": [12.5, 8, 8],
			"shade": false,
			"rotation": {"angle": -22.5, "axis": "x", "origin": [8, 8, 8]},
			"faces": {
				"up": {"uv": [0, 0, 9, 7], "rotation": 180, "texture": "#0"},
				"down": {"uv": [0, 7, 9, 0], "rotation": 180, "texture": "#0"}
			}
		},
		{
			"from": [8, 8, 3.5],
			"to": [15, 8, 12.5],
			"shade": false,
			"rotation": {"angle": -22.5, "axis": "z", "origin": [8, 8, 8]},
			"faces": {
				"up": {"uv": [0, 0, 9, 7], "rotation": 270, "texture": "#0"},
				"down": {"uv": [0, 7, 9, 0], "rotation": 90, "texture": "#0"}
			}
		}
	]
}