{
	"credit": "Made by XeKr with Blockbench",
	"parent": "minecraft:block/cross",
	"textures": {
		"0": "block/azure_bluet_3dx",
		"particle": "block/azure_bluet_3dx"
	},
	"elements": [
		{
			"from": [0.5, 0, 6],
			"to": [13.5, 6, 6],
			"shade": false,
			"rotation": {"angle": 45, "axis": "y", "origin": [7, -1, 6]},
			"faces": {
				"north": {"uv": [0, 9, 13, 15], "texture": "#0"},
				"south": {"uv": [0, 9, 13, 15], "texture": "#0"}
			}
		},
		{
			"from": [0.5, 0, 6],
			"to": [13.5, 6, 6],
			"shade": false,
			"rotation": {"angle": -45, "axis": "y", "origin": [7, -1, 6]},
			"faces": {
				"north": {"uv": [0, 9, 13, 15], "texture": "#0"},
				"south": {"uv": [0, 9, 13, 15], "texture": "#0"}
			}
		},
		{
			"from": [3.5, 6.5, 6],
			"to": [10.5, 6.5, 12],
			"shade": false,
			"rotation": {"angle": 22.5, "axis": "x", "origin": [7, 6.5, 6]},
			"faces": {
				"up": {"uv": [2, 1, 9, 7], "texture": "#0"},
				"down": {"uv": [2, 7, 9, 1], "texture": "#0"}
			}
		},
		{
			"from": [1, 6.5, 2.5],
			"to": [7, 6.5, 9.5],
			"shade": false,
			"rotation": {"angle": 22.5, "axis": "z", "origin": [7, 6.5, 6]},
			"faces": {
				"up": {"uv": [2, 1, 9, 7], "rotation": 90, "texture": "#0"},
				"down": {"uv": [2, 7, 9, 1], "rotation": 270, "texture": "#0"}
			}
		},
		{
			"from": [3.5, 6.5, 0],
			"to": [10.5, 6.5, 6],
			"shade": false,
			"rotation": {"angle": -22.5, "axis": "x", "origin": [7, 6.5, 6]},
			"faces": {
				"up": {"uv": [2, 1, 9, 7], "rotation": 180, "texture": "#0"},
				"down": {"uv": [2, 7, 9, 1], "rotation": 180, "texture": "#0"}
			}
		},
		{
			"from": [7, 6.5, 2.5],
			"to": [13, 6.5, 9.5],
			"shade": false,
			"rotation": {"angle": -22.5, "axis": "z", "origin": [7, 6.5, 6]},
			"faces": {
				"up": {"uv": [2, 1, 9, 7], "rotation": 270, "texture": "#0"},
				"down": {"uv": [2, 7, 9, 1], "rotation": 90, "texture": "#0"}
			}
		},
		{
			"from": [7, 3, 9.5],
			"to": [11, 3, 14.5],
			"shade": false,
			"rotation": {"angle": 22.5, "axis": "z", "origin": [11, 3, 12]},
			"faces": {
				"up": {"uv": [11, 0, 16, 4], "rotation": 90, "texture": "#0"},
				"down": {"uv": [16, 0, 11, 4], "rotation": 90, "texture": "#0"}
			}
		},
		{
			"from": [8.5, 3, 8],
			"to": [13.5, 3, 12],
			"shade": false,
			"rotation": {"angle": -22.5, "axis": "x", "origin": [11, 3, 12]},
			"faces": {
				"up": {"uv": [11, 0, 16, 4], "rotation": 180, "texture": "#0"},
				"down": {"uv": [16, 0, 11, 4], "texture": "#0"}
			}
		},
		{
			"from": [11, 3, 9.5],
			"to": [15, 3, 14.5],
			"shade": false,
			"rotation": {"angle": -22.5, "axis": "z", "origin": [11, 3, 12]},
			"faces": {
				"up": {"uv": [11, 0, 16, 4], "rotation": 270, "texture": "#0"},
				"down": {"uv": [16, 0, 11, 4], "rotation": 270, "texture": "#0"}
			}
		},
		{
			"from": [8.5, 3, 12],
			"to": [13.5, 3, 16],
			"shade": false,
			"rotation": {"angle": 22.5, "axis": "x", "origin": [11, 3, 12]},
			"faces": {
				"up": {"uv": [11, 0, 16, 4], "texture": "#0"},
				"down": {"uv": [16, 0, 11, 4], "rotation": 180, "texture": "#0"}
			}
		},
		{
			"from": [7.5, 0, 12],
			"to": [14.5, 3, 12],
			"shade": false,
			"rotation": {"angle": -45, "axis": "y", "origin": [11, -1, 12]},
			"faces": {
				"north": {"uv": [9, 4, 16, 7], "texture": "#0"},
				"south": {"uv": [9, 4, 16, 7], "texture": "#0"}
			}
		},
		{
			"from": [7.5, 0, 12],
			"to": [14.5, 3, 12],
			"shade": false,
			"rotation": {"angle": 45, "axis": "y", "origin": [11, -1, 12]},
			"faces": {
				"north": {"uv": [9, 4, 16, 7], "texture": "#0"},
				"south": {"uv": [9, 4, 16, 7], "texture": "#0"}
			}
		}
	]
}