{
	"credit": "Made by XeKr with Blockbench",
	"parent": "minecraft:block/cross",
	"textures": {
		"0": "block/azure_bluet_3dx",
		"particle": "block/azure_bluet_3dx"
	},
	"elements": [
		{
			"from": [1.5, 0, 8],
			"to": [14.5, 6, 8],
			"shade": false,
			"rotation": {"angle": 45, "axis": "y", "origin": [8, -1, 8]},
			"faces": {
				"north": {"uv": [0, 9, 13, 15], "texture": "#0"},
				"south": {"uv": [0, 9, 13, 15], "texture": "#0"}
			}
		},
		{
			"from": [1.5, 0, 8],
			"to": [14.5, 6, 8],
			"shade": false,
			"rotation": {"angle": -45, "axis": "y", "origin": [8, -1, 8]},
			"faces": {
				"north": {"uv": [0, 9, 13, 15], "texture": "#0"},
				"south": {"uv": [0, 9, 13, 15], "texture": "#0"}
			}
		},
		{
			"from": [4.5, 6.5, 8],
			"to": [11.5, 6.5, 14],
			"shade": false,
			"rotation": {"angle": 22.5, "axis": "x", "origin": [8, 6.5, 8]},
			"faces": {
				"up": {"uv": [2, 1, 9, 7], "texture": "#0"},
				"down": {"uv": [2, 7, 9, 1], "texture": "#0"}
			}
		},
		{
			"from": [2, 6.5, 4.5],
			"to": [8, 6.5, 11.5],
			"shade": false,
			"rotation": {"angle": 22.5, "axis": "z", "origin": [8, 6.5, 8]},
			"faces": {
				"up": {"uv": [2, 1, 9, 7], "rotation": 90, "texture": "#0"},
				"down": {"uv": [2, 7, 9, 1], "rotation": 270, "texture": "#0"}
			}
		},
		{
			"from": [4.5, 6.5, 2],
			"to": [11.5, 6.5, 8],
			"shade": false,
			"rotation": {"angle": -22.5, "axis": "x", "origin": [8, 6.5, 8]},
			"faces": {
				"up": {"uv": [2, 1, 9, 7], "rotation": 180, "texture": "#0"},
				"down": {"uv": [2, 7, 9, 1], "rotation": 180, "texture": "#0"}
			}
		},
		{
			"from": [8, 6.5, 4.5],
			"to": [14, 6.5, 11.5],
			"shade": false,
			"rotation": {"angle": -22.5, "axis": "z", "origin": [8, 6.5, 8]},
			"faces": {
				"up": {"uv": [2, 1, 9, 7], "rotation": 270, "texture": "#0"},
				"down": {"uv": [2, 7, 9, 1], "rotation": 90, "texture": "#0"}
			}
		}
	]
}