{
	"credit": "Made by XeKr with Blockbench",
	"parent": "minecraft:block/cross",
	"textures": {
		"0": "block/cornflower_3dx",
		"particle": "block/cornflower_3dx"
	},
	"elements": [
		{
			"from": [5.3, 0, 8],
			"to": [10.7, 11, 8],
			"shade": false,
			"rotation": {"angle": -45, "axis": "y", "origin": [8, 0, 8]},
			"faces": {
				"north": {"uv": [0, 5, 5, 16], "texture": "#0"},
				"south": {"uv": [0, 5, 5, 16], "texture": "#0"}
			}
		},
		{
			"from": [8, 0, 5.3],
			"to": [8, 11, 10.7],
			"shade": false,
			"rotation": {"angle": -45, "axis": "y", "origin": [8, 0, 8]},
			"faces": {
				"east": {"uv": [0, 5, 5, 16], "texture": "#0"},
				"west": {"uv": [0, 5, 5, 16], "texture": "#0"}
			}
		},
		{
			"from": [8, 8, 5.3],
			"to": [8, 11, 10.7],
			"shade": false,
			"rotation": {"angle": 0, "axis": "y", "origin": [8, 0, 8]},
			"faces": {
				"east": {"uv": [0, 5, 5, 8], "texture": "#0"},
				"west": {"uv": [0, 5, 5, 8], "texture": "#0"}
			}
		},
		{
			"from": [5.3, 8, 8],
			"to": [10.7, 11, 8],
			"shade": false,
			"rotation": {"angle": 0, "axis": "y", "origin": [8, 0, 8]},
			"faces": {
				"north": {"uv": [0, 5, 5, 8], "texture": "#0"},
				"south": {"uv": [0, 5, 5, 8], "texture": "#0"}
			}
		},
		{
			"from": [5.5, 10, 5.5],
			"to": [10.5, 10, 10.5],
			"rotation": {"angle": 22.5, "axis": "y", "origin": [8, 10, 8]},
			"faces": {
				"up": {"uv": [0, 0, 5, 5], "texture": "#0"},
				"down": {"uv": [0, 0, 5, 5], "texture": "#0"}
			}
		},
		{
			"from": [5.5, 10.1, 5.5],
			"to": [10.5, 10.1, 10.5],
			"rotation": {"angle": -22.5, "axis": "y", "origin": [8, 10, 8]},
			"faces": {
				"up": {"uv": [5, 0, 10, 5], "rotation": 270, "texture": "#0"},
				"down": {"uv": [5, 0, 10, 5], "rotation": 90, "texture": "#0"}
			}
		}
	]
}