{
	"credit": "Made by XeKr with Blockbench",
	"parent": "minecraft:block/cross",
	"textures": {
		"0": "block/cornflower_3dx",
		"particle": "block/cornflower_3dx"
	},
	"elements": [
		{
			"from": [4, 0, 5],
			"to": [7, 7, 5],
			"shade": false,
			"rotation": {"angle": 22.5, "axis": "y", "origin": [5.5, 1, 5]},
			"faces": {
				"north": {"uv": [5, 6, 8, 13], "texture": "#0"},
				"south": {"uv": [5, 6, 8, 13], "texture": "#0"}
			}
		},
		{
			"from": [5.5, 0, 3.5],
			"to": [5.5, 7, 6.5],
			"shade": false,
			"rotation": {"angle": 22.5, "axis": "y", "origin": [5.5, 1, 5]},
			"faces": {
				"east": {"uv": [5, 6, 8, 13], "texture": "#0"},
				"west": {"uv": [5, 6, 8, 13], "texture": "#0"}
			}
		},
		{
			"from": [4, 6, 3.5],
			"to": [7, 6, 6.5],
			"rotation": {"angle": 22.5, "axis": "y", "origin": [5.5, 6, 5]},
			"faces": {
				"up": {"uv": [13, 0, 16, 3], "rotation": 270, "texture": "#0"},
				"down": {"uv": [13, 0, 16, 3], "rotation": 90, "texture": "#0"}
			}
		},
		{
			"from": [5, 0, 11.5],
			"to": [8, 7, 11.5],
			"shade": false,
			"rotation": {"angle": -22.5, "axis": "y", "origin": [6.5, 1, 11.5]},
			"faces": {
				"north": {"uv": [5, 6, 8, 13], "texture": "#0"},
				"south": {"uv": [5, 6, 8, 13], "texture": "#0"}
			}
		},
		{
			"from": [6.5, 0, 10],
			"to": [6.5, 7, 13],
			"shade": false,
			"rotation": {"angle": -22.5, "axis": "y", "origin": [6.5, 1, 11.5]},
			"faces": {
				"east": {"uv": [5, 6, 8, 13], "texture": "#0"},
				"west": {"uv": [5, 6, 8, 13], "texture": "#0"}
			}
		},
		{
			"from": [5, 6, 10],
			"to": [8, 6, 13],
			"rotation": {"angle": -22.5, "axis": "y", "origin": [6.5, 6, 11.5]},
			"faces": {
				"up": {"uv": [13, 0, 16, 3], "rotation": 270, "texture": "#0"},
				"down": {"uv": [13, 0, 16, 3], "rotation": 90, "texture": "#0"}
			}
		},
		{
			"from": [10, 0, 7],
			"to": [13, 6, 7],
			"shade": false,
			"rotation": {"angle": 45, "axis": "y", "origin": [11.5, 0, 7]},
			"faces": {
				"north": {"uv": [5, 6, 8, 12], "texture": "#0"},
				"south": {"uv": [5, 6, 8, 12], "texture": "#0"}
			}
		},
		{
			"from": [11.5, 0, 5.5],
			"to": [11.5, 6, 8.5],
			"shade": false,
			"rotation": {"angle": 45, "axis": "y", "origin": [11.5, 0, 7]},
			"faces": {
				"east": {"uv": [5, 6, 8, 12], "texture": "#0"},
				"west": {"uv": [5, 6, 8, 12], "texture": "#0"}
			}
		},
		{
			"from": [10, 5, 5.5],
			"to": [13, 5, 8.5],
			"rotation": {"angle": 45, "axis": "y", "origin": [11.5, 5, 7]},
			"faces": {
				"up": {"uv": [13, 0, 16, 3], "rotation": 270, "texture": "#0"},
				"down": {"uv": [13, 0, 16, 3], "rotation": 90, "texture": "#0"}
			}
		},
		{
			"from": [5.5, 0, 8],
			"to": [10.5, 10, 8],
			"shade": false,
			"rotation": {"angle": 0, "axis": "y", "origin": [8, 3, 8]},
			"faces": {
				"north": {"uv": [8, 5, 13, 15], "texture": "#0"},
				"south": {"uv": [8, 5, 13, 15], "texture": "#0"}
			}
		},
		{
			"from": [5.5, 7, 8],
			"to": [10.5, 10, 8],
			"shade": false,
			"rotation": {"angle": -45, "axis": "y", "origin": [8, 7, 8]},
			"faces": {
				"north": {"uv": [8, 5, 13, 8], "texture": "#0"},
				"south": {"uv": [8, 5, 13, 8], "texture": "#0"}
			}
		},
		{
			"from": [8, 7, 5.5],
			"to": [8, 10, 10.5],
			"shade": false,
			"rotation": {"angle": -45, "axis": "y", "origin": [8, 7, 8]},
			"faces": {
				"east": {"uv": [8, 5, 13, 8], "texture": "#0"},
				"west": {"uv": [8, 5, 13, 8], "texture": "#0"}
			}
		},
		{
			"from": [8, 0, 5.5],
			"to": [8, 10, 10.5],
			"shade": false,
			"rotation": {"angle": 0, "axis": "y", "origin": [8, 3, 8]},
			"faces": {
				"east": {"uv": [8, 5, 13, 15], "texture": "#0"},
				"west": {"uv": [8, 5, 13, 15], "texture": "#0"}
			}
		},
		{
			"from": [6.5, 9.1, 6.5],
			"to": [9.5, 9.1, 9.5],
			"rotation": {"angle": 45, "axis": "y", "origin": [8, 9.1, 8]},
			"faces": {
				"up": {"uv": [10, 0, 13, 3], "rotation": 270, "texture": "#0"},
				"down": {"uv": [10, 0, 13, 3], "rotation": 90, "texture": "#0"}
			}
		},
		{
			"from": [6.5, 9, 6.5],
			"to": [9.5, 9, 9.5],
			"rotation": {"angle": 0, "axis": "y", "origin": [8, 9, 8]},
			"faces": {
				"up": {"uv": [10, 0, 13, 3], "rotation": 270, "texture": "#0"},
				"down": {"uv": [10, 0, 13, 3], "rotation": 90, "texture": "#0"}
			}
		}
	]
}