{
	"credit": "Made by XeKr with Blockbench",
	"parent": "minecraft:block/cross",
	"textures": {
		"0": "block/lily_of_the_valley_3dx",
		"particle": "block/lily_of_the_valley_3dx"
	},
	"elements": [
		{
			"from": [8, 0, 8],
			"to": [11, 9, 8],
			"shade": false,
			"rotation": {"angle": -22.5, "axis": "y", "origin": [8, 0, 8]},
			"faces": {
				"north": {"uv": [6, 7, 3, 16], "texture": "#0"},
				"south": {"uv": [3, 7, 6, 16], "texture": "#0"}
			}
		},
		{
			"from": [8, 0, 8],
			"to": [8, 9, 11],
			"shade": false,
			"rotation": {"angle": -22.5, "axis": "y", "origin": [8, 0, 8]},
			"faces": {
				"east": {"uv": [6, 7, 3, 16], "texture": "#0"},
				"west": {"uv": [3, 7, 6, 16], "texture": "#0"}
			}
		},
		{
			"from": [8, 0, 3],
			"to": [8, 11, 9],
			"shade": false,
			"rotation": {"angle": 45, "axis": "y", "origin": [8, 0, 8]},
			"faces": {
				"east": {"uv": [7, 5, 13, 16], "texture": "#0"},
				"west": {"uv": [13, 5, 7, 16], "texture": "#0"}
			}
		},
		{
			"from": [8, 0, 8],
			"to": [8, 11, 12],
			"shade": false,
			"rotation": {"angle": 22.5, "axis": "y", "origin": [8, 0, 8]},
			"faces": {
				"east": {"uv": [7, 5, 3, 16], "texture": "#0"},
				"west": {"uv": [3, 5, 7, 16], "texture": "#0"}
			}
		},
		{
			"from": [8, 0, 6.5],
			"to": [8, 4, 9.5],
			"shade": false,
			"rotation": {"angle": 22.5, "axis": "z", "origin": [8, 0, 8]},
			"faces": {
				"east": {"uv": [0, 12, 3, 16], "texture": "#0"},
				"west": {"uv": [3, 12, 0, 16], "texture": "#0"}
			}
		},
		{
			"from": [10.0048, 5.15998, 6.5],
			"to": [10.0048, 7.15998, 9.5],
			"shade": false,
			"rotation": {"angle": 45, "axis": "z", "origin": [10.0048, 0.15998, 8]},
			"faces": {
				"east": {"uv": [3, 8, 0, 10], "texture": "#0"},
				"west": {"uv": [0, 8, 3, 10], "texture": "#0"}
			}
		},
		{
			"from": [1.37029, 1.66536, 6.5],
			"to": [4.37029, 1.66536, 9.5],
			"shade": false,
			"rotation": {"angle": -22.5, "axis": "z", "origin": [13.37029, 1.66536, 8]},
			"faces": {
				"up": {"uv": [3, 4, 0, 7], "rotation": 270, "texture": "#0"},
				"down": {"uv": [0, 4, 3, 7], "rotation": 270, "texture": "#0"}
			}
		},
		{
			"from": [6.5, 0, 8],
			"to": [9.5, 5, 8],
			"shade": false,
			"rotation": {"angle": -22.5, "axis": "x", "origin": [8, 0, 8]},
			"faces": {
				"north": {"uv": [0, 11, 3, 16], "texture": "#0"},
				"south": {"uv": [3, 11, 0, 16], "texture": "#0"}
			}
		},
		{
			"from": [8, 0, 6.5],
			"to": [13, 0, 9.5],
			"shade": false,
			"rotation": {"angle": 22.5, "axis": "z", "origin": [8, 0, 8]},
			"faces": {
				"up": {"uv": [13, 11, 16, 16], "rotation": 90, "texture": "#0"},
				"down": {"uv": [16, 11, 13, 16], "rotation": 90, "texture": "#0"}
			}
		},
		{
			"from": [6.5, 0, 8],
			"to": [9.5, 0, 13],
			"shade": false,
			"rotation": {"angle": -22.5, "axis": "x", "origin": [8, 0, 8]},
			"faces": {
				"up": {"uv": [13, 11, 16, 16], "rotation": 180, "texture": "#0"},
				"down": {"uv": [16, 11, 13, 16], "texture": "#0"}
			}
		},
		{
			"from": [6.5, 6.08354, 9.62233],
			"to": [9.5, 9.08354, 9.62233],
			"shade": false,
			"rotation": {"angle": -45, "axis": "x", "origin": [8, 1.08354, 9.62233]},
			"faces": {
				"north": {"uv": [0, 7, 3, 10], "texture": "#0"},
				"south": {"uv": [3, 7, 0, 10], "texture": "#0"}
			}
		},
		{
			"from": [6.5, 3.29603, 0.28072],
			"to": [9.5, 3.29603, 3.28072],
			"shade": false,
			"rotation": {"angle": 22.5, "axis": "x", "origin": [8, 3.29603, 12.28072]},
			"faces": {
				"up": {"uv": [3, 4, 0, 7], "texture": "#0"},
				"down": {"uv": [0, 4, 3, 7], "rotation": 180, "texture": "#0"}
			}
		},
		{
			"from": [9.8, 2.5, 8.9],
			"to": [8.8, 1.5, 7.9],
			"shade": false,
			"rotation": {"angle": -22.5, "axis": "y", "origin": [8.8, 2.5, 8.4]},
			"faces": {
				"north": {"uv": [15, 2, 16, 3], "texture": "#0"},
				"east": {"uv": [15, 3, 16, 4], "texture": "#0"},
				"south": {"uv": [15, 2, 16, 3], "texture": "#0"},
				"west": {"uv": [15, 3, 16, 4], "texture": "#0"},
				"down": {"uv": [14, 2, 15, 3], "rotation": 90, "texture": "#0"}
			}
		},
		{
			"from": [8.8, 1.5, 7.9],
			"to": [9.8, 2.5, 8.9],
			"shade": false,
			"rotation": {"angle": -22.5, "axis": "y", "origin": [8.8, 2.5, 8.4]},
			"faces": {
				"north": {"uv": [14, 1, 15, 2], "texture": "#0"},
				"east": {"uv": [15, 1, 16, 2], "texture": "#0"},
				"south": {"uv": [14, 1, 15, 2], "texture": "#0"},
				"west": {"uv": [15, 1, 16, 2], "texture": "#0"},
				"up": {"uv": [14, 0, 15, 1], "rotation": 270, "texture": "#0"}
			}
		},
		{
			"from": [10.4, 4.5, 9.1],
			"to": [9.4, 3.5, 8.1],
			"shade": false,
			"rotation": {"angle": -22.5, "axis": "y", "origin": [9.4, 4.5, 8.6]},
			"faces": {
				"north": {"uv": [15, 2, 16, 3], "texture": "#0"},
				"east": {"uv": [15, 3, 16, 4], "texture": "#0"},
				"south": {"uv": [15, 2, 16, 3], "texture": "#0"},
				"west": {"uv": [15, 3, 16, 4], "texture": "#0"},
				"down": {"uv": [14, 2, 15, 3], "rotation": 90, "texture": "#0"}
			}
		},
		{
			"from": [9.4, 3.5, 8.1],
			"to": [10.4, 4.5, 9.1],
			"shade": false,
			"rotation": {"angle": -22.5, "axis": "y", "origin": [9.4, 4.5, 8.6]},
			"faces": {
				"north": {"uv": [14, 1, 15, 2], "texture": "#0"},
				"east": {"uv": [15, 1, 16, 2], "texture": "#0"},
				"south": {"uv": [14, 1, 15, 2], "texture": "#0"},
				"west": {"uv": [15, 1, 16, 2], "texture": "#0"},
				"up": {"uv": [14, 0, 15, 1], "rotation": 270, "texture": "#0"}
			}
		},
		{
			"from": [10.7, 6.5, 9.2],
			"to": [9.7, 5.5, 8.2],
			"shade": false,
			"rotation": {"angle": -22.5, "axis": "y", "origin": [9.7, 6.5, 8.7]},
			"faces": {
				"north": {"uv": [15, 2, 16, 3], "texture": "#0"},
				"east": {"uv": [15, 3, 16, 4], "texture": "#0"},
				"south": {"uv": [15, 2, 16, 3], "texture": "#0"},
				"west": {"uv": [15, 3, 16, 4], "texture": "#0"},
				"down": {"uv": [14, 2, 15, 3], "rotation": 90, "texture": "#0"}
			}
		},
		{
			"from": [9.7, 5.5, 8.2],
			"to": [10.7, 6.5, 9.2],
			"shade": false,
			"rotation": {"angle": -22.5, "axis": "y", "origin": [9.7, 6.5, 8.7]},
			"faces": {
				"north": {"uv": [14, 1, 15, 2], "texture": "#0"},
				"east": {"uv": [15, 1, 16, 2], "texture": "#0"},
				"south": {"uv": [14, 1, 15, 2], "texture": "#0"},
				"west": {"uv": [15, 1, 16, 2], "texture": "#0"},
				"up": {"uv": [14, 0, 15, 1], "rotation": 270, "texture": "#0"}
			}
		},
		{
			"from": [8.6, 8.5, 10.6],
			"to": [9.6, 9.5, 11.6],
			"shade": false,
			"rotation": {"angle": 22.5, "axis": "y", "origin": [9.1, 9.5, 10.6]},
			"faces": {
				"north": {"uv": [15, 1, 16, 2], "texture": "#0"},
				"east": {"uv": [14, 1, 15, 2], "texture": "#0"},
				"south": {"uv": [15, 1, 16, 2], "texture": "#0"},
				"west": {"uv": [14, 1, 15, 2], "texture": "#0"},
				"up": {"uv": [14, 0, 15, 1], "texture": "#0"}
			}
		},
		{
			"from": [9.6, 9.5, 11.6],
			"to": [8.6, 8.5, 10.6],
			"shade": false,
			"rotation": {"angle": 22.5, "axis": "y", "origin": [9.1, 9.5, 10.6]},
			"faces": {
				"north": {"uv": [15, 3, 16, 4], "texture": "#0"},
				"east": {"uv": [15, 2, 16, 3], "texture": "#0"},
				"south": {"uv": [15, 3, 16, 4], "texture": "#0"},
				"west": {"uv": [15, 2, 16, 3], "texture": "#0"},
				"down": {"uv": [14, 2, 15, 3], "texture": "#0"}
			}
		},
		{
			"from": [8.4, 6.5, 10.2],
			"to": [9.4, 7.5, 11.2],
			"shade": false,
			"rotation": {"angle": 22.5, "axis": "y", "origin": [8.9, 7.5, 10.2]},
			"faces": {
				"north": {"uv": [15, 1, 16, 2], "texture": "#0"},
				"east": {"uv": [14, 1, 15, 2], "texture": "#0"},
				"south": {"uv": [15, 1, 16, 2], "texture": "#0"},
				"west": {"uv": [14, 1, 15, 2], "texture": "#0"},
				"up": {"uv": [14, 0, 15, 1], "texture": "#0"}
			}
		},
		{
			"from": [9.4, 7.5, 11.2],
			"to": [8.4, 6.5, 10.2],
			"shade": false,
			"rotation": {"angle": 22.5, "axis": "y", "origin": [8.9, 7.5, 10.2]},
			"faces": {
				"north": {"uv": [15, 3, 16, 4], "texture": "#0"},
				"east": {"uv": [15, 2, 16, 3], "texture": "#0"},
				"south": {"uv": [15, 3, 16, 4], "texture": "#0"},
				"west": {"uv": [15, 2, 16, 3], "texture": "#0"},
				"down": {"uv": [14, 2, 15, 3], "texture": "#0"}
			}
		},
		{
			"from": [8.2, 4.5, 9.6],
			"to": [9.2, 5.5, 10.6],
			"shade": false,
			"rotation": {"angle": 22.5, "axis": "y", "origin": [8.7, 5.5, 9.6]},
			"faces": {
				"north": {"uv": [15, 1, 16, 2], "texture": "#0"},
				"east": {"uv": [14, 1, 15, 2], "texture": "#0"},
				"south": {"uv": [15, 1, 16, 2], "texture": "#0"},
				"west": {"uv": [14, 1, 15, 2], "texture": "#0"},
				"up": {"uv": [14, 0, 15, 1], "texture": "#0"}
			}
		},
		{
			"from": [9.2, 5.5, 10.6],
			"to": [8.2, 4.5, 9.6],
			"shade": false,
			"rotation": {"angle": 22.5, "axis": "y", "origin": [8.7, 5.5, 9.6]},
			"faces": {
				"north": {"uv": [15, 3, 16, 4], "texture": "#0"},
				"east": {"uv": [15, 2, 16, 3], "texture": "#0"},
				"south": {"uv": [15, 3, 16, 4], "texture": "#0"},
				"west": {"uv": [15, 2, 16, 3], "texture": "#0"},
				"down": {"uv": [14, 2, 15, 3], "texture": "#0"}
			}
		},
		{
			"from": [6.8, 5.5, 9.6],
			"to": [7.8, 6.5, 10.6],
			"shade": false,
			"rotation": {"angle": -22.5, "axis": "y", "origin": [7.3, 6.5, 9.6]},
			"faces": {
				"north": {"uv": [15, 1, 16, 2], "texture": "#0"},
				"east": {"uv": [14, 1, 15, 2], "texture": "#0"},
				"south": {"uv": [15, 1, 16, 2], "texture": "#0"},
				"west": {"uv": [14, 1, 15, 2], "texture": "#0"},
				"up": {"uv": [14, 0, 15, 1], "texture": "#0"}
			}
		},
		{
			"from": [7.8, 6.5, 10.6],
			"to": [6.8, 5.5, 9.6],
			"shade": false,
			"rotation": {"angle": -22.5, "axis": "y", "origin": [7.3, 6.5, 9.6]},
			"faces": {
				"north": {"uv": [15, 3, 16, 4], "texture": "#0"},
				"east": {"uv": [15, 2, 16, 3], "texture": "#0"},
				"south": {"uv": [15, 3, 16, 4], "texture": "#0"},
				"west": {"uv": [15, 2, 16, 3], "texture": "#0"},
				"down": {"uv": [14, 2, 15, 3], "texture": "#0"}
			}
		},
		{
			"from": [7.5, 8.5, 11.3],
			"to": [6.5, 7.5, 10.3],
			"shade": false,
			"rotation": {"angle": -22.5, "axis": "y", "origin": [7, 8.5, 10.3]},
			"faces": {
				"north": {"uv": [15, 3, 16, 4], "texture": "#0"},
				"east": {"uv": [15, 2, 16, 3], "texture": "#0"},
				"south": {"uv": [15, 3, 16, 4], "texture": "#0"},
				"west": {"uv": [15, 2, 16, 3], "texture": "#0"},
				"down": {"uv": [14, 2, 15, 3], "texture": "#0"}
			}
		},
		{
			"from": [6.5, 7.5, 10.3],
			"to": [7.5, 8.5, 11.3],
			"shade": false,
			"rotation": {"angle": -22.5, "axis": "y", "origin": [7, 8.5, 10.3]},
			"faces": {
				"north": {"uv": [15, 1, 16, 2], "texture": "#0"},
				"east": {"uv": [14, 1, 15, 2], "texture": "#0"},
				"south": {"uv": [15, 1, 16, 2], "texture": "#0"},
				"west": {"uv": [14, 1, 15, 2], "texture": "#0"},
				"up": {"uv": [14, 0, 15, 1], "texture": "#0"}
			}
		}
	]
}