{
	"credit": "Made by XeKr with Blockbench",
	"parent": "minecraft:block/cross",
	"textures": {
		"0": "block/orange_tulip_3dx",
		"particle": "block/orange_tulip_3dx"
	},
	"elements": [
		{
			"from": [6.7, 8.5, 6.3],
			"to": [6.7, 11.5, 9.3],
			"shade": false,
			"rotation": {"angle": 0, "axis": "x", "origin": [8, 10.5, 8]},
			"faces": {
				"east": {"uv": [1, 4, 4, 7], "texture": "#0"},
				"west": {"uv": [1, 4, 4, 7], "texture": "#0"}
			}
		},
		{
			"from": [6.3, 8.5, 9.3],
			"to": [9.3, 11.5, 9.3],
			"shade": false,
			"rotation": {"angle": 0, "axis": "x", "origin": [8, 10.5, 8]},
			"faces": {
				"north": {"uv": [1, 4, 4, 7], "texture": "#0"},
				"south": {"uv": [1, 4, 4, 7], "texture": "#0"}
			}
		},
		{
			"from": [6.7, 7.1, 8],
			"to": [9.7, 9.1, 8],
			"shade": false,
			"rotation": {"angle": -45, "axis": "x", "origin": [8, 7.2, 8]},
			"faces": {
				"north": {"uv": [1, 7, 4, 9], "texture": "#0"},
				"south": {"uv": [1, 7, 4, 9], "texture": "#0"}
			}
		},
		{
			"from": [8, 7.1, 6.3],
			"to": [8, 9.1, 9.3],
			"shade": false,
			"rotation": {"angle": 45, "axis": "z", "origin": [8, 7.2, 8]},
			"faces": {
				"east": {"uv": [1, 7, 4, 9], "texture": "#0"},
				"west": {"uv": [1, 7, 4, 9], "texture": "#0"}
			}
		},
		{
			"from": [6.3, 7.1, 8],
			"to": [9.3, 9.1, 8],
			"shade": false,
			"rotation": {"angle": 45, "axis": "x", "origin": [8, 7.2, 8]},
			"faces": {
				"north": {"uv": [1, 7, 4, 9], "texture": "#0"},
				"south": {"uv": [1, 7, 4, 9], "texture": "#0"}
			}
		},
		{
			"from": [8, 7.1, 6.7],
			"to": [8, 9.1, 9.7],
			"shade": false,
			"rotation": {"angle": -45, "axis": "z", "origin": [8, 7.2, 8]},
			"faces": {
				"east": {"uv": [1, 7, 4, 9], "texture": "#0"},
				"west": {"uv": [1, 7, 4, 9], "texture": "#0"}
			}
		},
		{
			"from": [8.2, 8.5, 6.7],
			"to": [9.2, 10.5, 6.7],
			"shade": false,
			"rotation": {"angle": 22.5, "axis": "y", "origin": [8, 10.5, 8]},
			"faces": {
				"north": {"uv": [2, 5, 3, 7], "texture": "#0"},
				"south": {"uv": [2, 5, 3, 7], "texture": "#0"}
			}
		},
		{
			"from": [6.7, 8.5, 6.8],
			"to": [6.7, 10.5, 7.8],
			"shade": false,
			"rotation": {"angle": 22.5, "axis": "y", "origin": [8, 10.5, 8]},
			"faces": {
				"east": {"uv": [2, 5, 3, 7], "texture": "#0"},
				"west": {"uv": [2, 5, 3, 7], "texture": "#0"}
			}
		},
		{
			"from": [6.8, 8.5, 9.3],
			"to": [7.8, 10.5, 9.3],
			"shade": false,
			"rotation": {"angle": 22.5, "axis": "y", "origin": [8, 10.5, 8]},
			"faces": {
				"north": {"uv": [2, 5, 3, 7], "texture": "#0"},
				"south": {"uv": [2, 5, 3, 7], "texture": "#0"}
			}
		},
		{
			"from": [9.3, 8.5, 8.2],
			"to": [9.3, 10.5, 9.2],
			"shade": false,
			"rotation": {"angle": 22.5, "axis": "y", "origin": [8, 10.5, 8]},
			"faces": {
				"east": {"uv": [2, 5, 3, 7], "texture": "#0"},
				"west": {"uv": [2, 5, 3, 7], "texture": "#0"}
			}
		},
		{
			"from": [9.3, 8.5, 6.7],
			"to": [9.3, 11.5, 9.7],
			"shade": false,
			"rotation": {"angle": 0, "axis": "x", "origin": [8, 10.5, 8]},
			"faces": {
				"east": {"uv": [1, 4, 4, 7], "texture": "#0"},
				"west": {"uv": [1, 4, 4, 7], "texture": "#0"}
			}
		},
		{
			"from": [6.7, 8.5, 6.7],
			"to": [9.7, 11.5, 6.7],
			"shade": false,
			"rotation": {"angle": 0, "axis": "x", "origin": [8, 10.5, 8]},
			"faces": {
				"north": {"uv": [1, 4, 4, 7], "texture": "#0"},
				"south": {"uv": [1, 4, 4, 7], "texture": "#0"}
			}
		},
		{
			"from": [6.7, 10, 6.7],
			"to": [9.3, 10, 9.3],
			"shade": false,
			"rotation": {"angle": 0, "axis": "y", "origin": [8, 6, 8]},
			"faces": {
				"up": {"uv": [1, 0, 4, 3], "texture": "#0"},
				"down": {"uv": [1, 0, 4, 3], "texture": "#0"}
			}
		},
		{
			"from": [8, 0, 5.5],
			"to": [8, 12, 10.5],
			"shade": false,
			"rotation": {"angle": -45, "axis": "y", "origin": [8, 0, 8]},
			"faces": {
				"east": {"uv": [8, 4, 13, 16], "texture": "#0"},
				"west": {"uv": [8, 4, 13, 16], "texture": "#0"}
			}
		},
		{
			"from": [5.5, 0, 8],
			"to": [10.5, 12, 8],
			"shade": false,
			"rotation": {"angle": -45, "axis": "y", "origin": [8, 0, 8]},
			"faces": {
				"north": {"uv": [8, 4, 13, 16], "texture": "#0"},
				"south": {"uv": [8, 4, 13, 16], "texture": "#0"}
			}
		}
	]
}