{
	"credit": "Made by XeKr with Blockbench",
	"parent": "minecraft:block/cross",
	"textures": {
		"0": "block/orange_tulip_3dx",
		"particle": "block/orange_tulip_3dx"
	},
	"elements": [
		{
			"from": [4.7, 7.5, 4.3],
			"to": [4.7, 10.5, 7.3],
			"shade": false,
			"rotation": {"angle": 0, "axis": "x", "origin": [6, 9.5, 6]},
			"faces": {
				"east": {"uv": [1, 4, 4, 7], "texture": "#0"},
				"west": {"uv": [1, 4, 4, 7], "texture": "#0"}
			}
		},
		{
			"from": [4.3, 7.5, 7.3],
			"to": [7.3, 10.5, 7.3],
			"shade": false,
			"rotation": {"angle": 0, "axis": "x", "origin": [6, 9.5, 6]},
			"faces": {
				"north": {"uv": [1, 4, 4, 7], "texture": "#0"},
				"south": {"uv": [1, 4, 4, 7], "texture": "#0"}
			}
		},
		{
			"from": [4.7, 6.1, 6],
			"to": [7.7, 8.1, 6],
			"shade": false,
			"rotation": {"angle": -45, "axis": "x", "origin": [6, 6.2, 6]},
			"faces": {
				"north": {"uv": [1, 7, 4, 9], "texture": "#0"},
				"south": {"uv": [1, 7, 4, 9], "texture": "#0"}
			}
		},
		{
			"from": [6, 6.1, 4.3],
			"to": [6, 8.1, 7.3],
			"shade": false,
			"rotation": {"angle": 45, "axis": "z", "origin": [6, 6.2, 6]},
			"faces": {
				"east": {"uv": [1, 7, 4, 9], "texture": "#0"},
				"west": {"uv": [1, 7, 4, 9], "texture": "#0"}
			}
		},
		{
			"from": [4.3, 6.1, 6],
			"to": [7.3, 8.1, 6],
			"shade": false,
			"rotation": {"angle": 45, "axis": "x", "origin": [6, 6.2, 6]},
			"faces": {
				"north": {"uv": [1, 7, 4, 9], "texture": "#0"},
				"south": {"uv": [1, 7, 4, 9], "texture": "#0"}
			}
		},
		{
			"from": [6, 6.1, 4.7],
			"to": [6, 8.1, 7.7],
			"shade": false,
			"rotation": {"angle": -45, "axis": "z", "origin": [6, 6.2, 6]},
			"faces": {
				"east": {"uv": [1, 7, 4, 9], "texture": "#0"},
				"west": {"uv": [1, 7, 4, 9], "texture": "#0"}
			}
		},
		{
			"from": [6.2, 7.5, 4.7],
			"to": [7.2, 9.5, 4.7],
			"shade": false,
			"rotation": {"angle": 22.5, "axis": "y", "origin": [6, 9.5, 6]},
			"faces": {
				"north": {"uv": [2, 5, 3, 7], "texture": "#0"},
				"south": {"uv": [2, 5, 3, 7], "texture": "#0"}
			}
		},
		{
			"from": [4.7, 7.5, 4.8],
			"to": [4.7, 9.5, 5.8],
			"shade": false,
			"rotation": {"angle": 22.5, "axis": "y", "origin": [6, 9.5, 6]},
			"faces": {
				"east": {"uv": [2, 5, 3, 7], "texture": "#0"},
				"west": {"uv": [2, 5, 3, 7], "texture": "#0"}
			}
		},
		{
			"from": [4.8, 7.5, 7.3],
			"to": [5.8, 9.5, 7.3],
			"shade": false,
			"rotation": {"angle": 22.5, "axis": "y", "origin": [6, 9.5, 6]},
			"faces": {
				"north": {"uv": [2, 5, 3, 7], "texture": "#0"},
				"south": {"uv": [2, 5, 3, 7], "texture": "#0"}
			}
		},
		{
			"from": [7.3, 7.5, 6.2],
			"to": [7.3, 9.5, 7.2],
			"shade": false,
			"rotation": {"angle": 22.5, "axis": "y", "origin": [6, 9.5, 6]},
			"faces": {
				"east": {"uv": [2, 5, 3, 7], "texture": "#0"},
				"west": {"uv": [2, 5, 3, 7], "texture": "#0"}
			}
		},
		{
			"from": [7.3, 7.5, 4.7],
			"to": [7.3, 10.5, 7.7],
			"shade": false,
			"rotation": {"angle": 0, "axis": "x", "origin": [6, 9.5, 6]},
			"faces": {
				"east": {"uv": [1, 4, 4, 7], "texture": "#0"},
				"west": {"uv": [1, 4, 4, 7], "texture": "#0"}
			}
		},
		{
			"from": [4.7, 7.5, 4.7],
			"to": [7.7, 10.5, 4.7],
			"shade": false,
			"rotation": {"angle": 0, "axis": "x", "origin": [6, 9.5, 6]},
			"faces": {
				"north": {"uv": [1, 4, 4, 7], "texture": "#0"},
				"south": {"uv": [1, 4, 4, 7], "texture": "#0"}
			}
		},
		{
			"from": [4.7, 9, 4.7],
			"to": [7.3, 9, 7.3],
			"shade": false,
			"rotation": {"angle": 0, "axis": "y", "origin": [6, 5, 6]},
			"faces": {
				"up": {"uv": [1, 0, 4, 3], "rotation": 90, "texture": "#0"},
				"down": {"uv": [1, 0, 4, 3], "rotation": 270, "texture": "#0"}
			}
		},
		{
			"from": [3.5, 0, 6],
			"to": [8.5, 11, 6],
			"shade": false,
			"rotation": {"angle": 45, "axis": "y", "origin": [6, 0, 6]},
			"faces": {
				"north": {"uv": [8, 4, 13, 15], "texture": "#0"},
				"south": {"uv": [8, 4, 13, 15], "texture": "#0"}
			}
		},
		{
			"from": [6, 0, 3.5],
			"to": [6, 11, 8.5],
			"shade": false,
			"rotation": {"angle": 45, "axis": "y", "origin": [6, 0, 6]},
			"faces": {
				"east": {"uv": [8, 4, 13, 15], "texture": "#0"},
				"west": {"uv": [8, 4, 13, 15], "texture": "#0"}
			}
		},
		{
			"from": [9.7, 5.5, 6.3],
			"to": [9.7, 8.5, 9.3],
			"shade": false,
			"rotation": {"angle": 0, "axis": "x", "origin": [11, 7.5, 8]},
			"faces": {
				"east": {"uv": [1, 4, 4, 7], "texture": "#0"},
				"west": {"uv": [1, 4, 4, 7], "texture": "#0"}
			}
		},
		{
			"from": [9.3, 5.5, 9.3],
			"to": [12.3, 8.5, 9.3],
			"shade": false,
			"rotation": {"angle": 0, "axis": "x", "origin": [11, 7.5, 8]},
			"faces": {
				"north": {"uv": [1, 4, 4, 7], "texture": "#0"},
				"south": {"uv": [1, 4, 4, 7], "texture": "#0"}
			}
		},
		{
			"from": [9.7, 4.1, 8],
			"to": [12.7, 6.1, 8],
			"shade": false,
			"rotation": {"angle": -45, "axis": "x", "origin": [11, 4.2, 8]},
			"faces": {
				"north": {"uv": [1, 7, 4, 9], "texture": "#0"},
				"south": {"uv": [1, 7, 4, 9], "texture": "#0"}
			}
		},
		{
			"from": [11, 4.1, 6.3],
			"to": [11, 6.1, 9.3],
			"shade": false,
			"rotation": {"angle": 45, "axis": "z", "origin": [11, 4.2, 8]},
			"faces": {
				"east": {"uv": [1, 7, 4, 9], "texture": "#0"},
				"west": {"uv": [1, 7, 4, 9], "texture": "#0"}
			}
		},
		{
			"from": [9.3, 4.1, 8],
			"to": [12.3, 6.1, 8],
			"shade": false,
			"rotation": {"angle": 45, "axis": "x", "origin": [11, 4.2, 8]},
			"faces": {
				"north": {"uv": [1, 7, 4, 9], "texture": "#0"},
				"south": {"uv": [1, 7, 4, 9], "texture": "#0"}
			}
		},
		{
			"from": [11, 4.1, 6.7],
			"to": [11, 6.1, 9.7],
			"shade": false,
			"rotation": {"angle": -45, "axis": "z", "origin": [11, 4.2, 8]},
			"faces": {
				"east": {"uv": [1, 7, 4, 9], "texture": "#0"},
				"west": {"uv": [1, 7, 4, 9], "texture": "#0"}
			}
		},
		{
			"from": [11.2, 5.5, 6.7],
			"to": [12.2, 7.5, 6.7],
			"shade": false,
			"rotation": {"angle": 22.5, "axis": "y", "origin": [11, 7.5, 8]},
			"faces": {
				"north": {"uv": [2, 5, 3, 7], "texture": "#0"},
				"south": {"uv": [2, 5, 3, 7], "texture": "#0"}
			}
		},
		{
			"from": [9.7, 5.5, 6.8],
			"to": [9.7, 7.5, 7.8],
			"shade": false,
			"rotation": {"angle": 22.5, "axis": "y", "origin": [11, 7.5, 8]},
			"faces": {
				"east": {"uv": [2, 5, 3, 7], "texture": "#0"},
				"west": {"uv": [2, 5, 3, 7], "texture": "#0"}
			}
		},
		{
			"from": [9.8, 5.5, 9.3],
			"to": [10.8, 7.5, 9.3],
			"shade": false,
			"rotation": {"angle": 22.5, "axis": "y", "origin": [11, 7.5, 8]},
			"faces": {
				"north": {"uv": [2, 5, 3, 7], "texture": "#0"},
				"south": {"uv": [2, 5, 3, 7], "texture": "#0"}
			}
		},
		{
			"from": [12.3, 5.5, 8.2],
			"to": [12.3, 7.5, 9.2],
			"shade": false,
			"rotation": {"angle": 22.5, "axis": "y", "origin": [11, 7.5, 8]},
			"faces": {
				"east": {"uv": [2, 5, 3, 7], "texture": "#0"},
				"west": {"uv": [2, 5, 3, 7], "texture": "#0"}
			}
		},
		{
			"from": [12.3, 5.5, 6.7],
			"to": [12.3, 8.5, 9.7],
			"shade": false,
			"rotation": {"angle": 0, "axis": "x", "origin": [11, 7.5, 8]},
			"faces": {
				"east": {"uv": [1, 4, 4, 7], "texture": "#0"},
				"west": {"uv": [1, 4, 4, 7], "texture": "#0"}
			}
		},
		{
			"from": [9.7, 5.5, 6.7],
			"to": [12.7, 8.5, 6.7],
			"shade": false,
			"rotation": {"angle": 0, "axis": "x", "origin": [11, 7.5, 8]},
			"faces": {
				"north": {"uv": [1, 4, 4, 7], "texture": "#0"},
				"south": {"uv": [1, 4, 4, 7], "texture": "#0"}
			}
		},
		{
			"from": [9.7, 7, 6.7],
			"to": [12.3, 7, 9.3],
			"shade": false,
			"rotation": {"angle": 0, "axis": "y", "origin": [11, 3, 8]},
			"faces": {
				"up": {"uv": [1, 0, 4, 3], "rotation": 270, "texture": "#0"},
				"down": {"uv": [1, 0, 4, 3], "rotation": 90, "texture": "#0"}
			}
		},
		{
			"from": [11, 0, 5.5],
			"to": [11, 9, 10.5],
			"shade": false,
			"rotation": {"angle": -45, "axis": "y", "origin": [11, 0, 8]},
			"faces": {
				"east": {"uv": [8, 4, 13, 13], "texture": "#0"},
				"west": {"uv": [8, 4, 13, 13], "texture": "#0"}
			}
		},
		{
			"from": [8.5, 0, 8],
			"to": [13.5, 9, 8],
			"shade": false,
			"rotation": {"angle": -45, "axis": "y", "origin": [11, 0, 8]},
			"faces": {
				"north": {"uv": [8, 4, 13, 13], "texture": "#0"},
				"south": {"uv": [8, 4, 13, 13], "texture": "#0"}
			}
		},
		{
			"from": [5.7, 8.5, 9.3],
			"to": [5.7, 11.5, 12.3],
			"shade": false,
			"rotation": {"angle": 0, "axis": "x", "origin": [7, 10.5, 11]},
			"faces": {
				"east": {"uv": [1, 4, 4, 7], "texture": "#0"},
				"west": {"uv": [1, 4, 4, 7], "texture": "#0"}
			}
		},
		{
			"from": [5.3, 8.5, 12.3],
			"to": [8.3, 11.5, 12.3],
			"shade": false,
			"rotation": {"angle": 0, "axis": "x", "origin": [7, 10.5, 11]},
			"faces": {
				"north": {"uv": [1, 4, 4, 7], "texture": "#0"},
				"south": {"uv": [1, 4, 4, 7], "texture": "#0"}
			}
		},
		{
			"from": [5.7, 7.1, 11],
			"to": [8.7, 9.1, 11],
			"shade": false,
			"rotation": {"angle": -45, "axis": "x", "origin": [7, 7.2, 11]},
			"faces": {
				"north": {"uv": [1, 7, 4, 9], "texture": "#0"},
				"south": {"uv": [1, 7, 4, 9], "texture": "#0"}
			}
		},
		{
			"from": [7, 7.1, 9.3],
			"to": [7, 9.1, 12.3],
			"shade": false,
			"rotation": {"angle": 45, "axis": "z", "origin": [7, 7.2, 11]},
			"faces": {
				"east": {"uv": [1, 7, 4, 9], "texture": "#0"},
				"west": {"uv": [1, 7, 4, 9], "texture": "#0"}
			}
		},
		{
			"from": [5.3, 7.1, 11],
			"to": [8.3, 9.1, 11],
			"shade": false,
			"rotation": {"angle": 45, "axis": "x", "origin": [7, 7.2, 11]},
			"faces": {
				"north": {"uv": [1, 7, 4, 9], "texture": "#0"},
				"south": {"uv": [1, 7, 4, 9], "texture": "#0"}
			}
		},
		{
			"from": [7, 7.1, 9.7],
			"to": [7, 9.1, 12.7],
			"shade": false,
			"rotation": {"angle": -45, "axis": "z", "origin": [7, 7.2, 11]},
			"faces": {
				"east": {"uv": [1, 7, 4, 9], "texture": "#0"},
				"west": {"uv": [1, 7, 4, 9], "texture": "#0"}
			}
		},
		{
			"from": [7.2, 8.5, 9.7],
			"to": [8.2, 10.5, 9.7],
			"shade": false,
			"rotation": {"angle": 22.5, "axis": "y", "origin": [7, 10.5, 11]},
			"faces": {
				"north": {"uv": [2, 5, 3, 7], "texture": "#0"},
				"south": {"uv": [2, 5, 3, 7], "texture": "#0"}
			}
		},
		{
			"from": [5.7, 8.5, 9.8],
			"to": [5.7, 10.5, 10.8],
			"shade": false,
			"rotation": {"angle": 22.5, "axis": "y", "origin": [7, 10.5, 11]},
			"faces": {
				"east": {"uv": [2, 5, 3, 7], "texture": "#0"},
				"west": {"uv": [2, 5, 3, 7], "texture": "#0"}
			}
		},
		{
			"from": [5.8, 8.5, 12.3],
			"to": [6.8, 10.5, 12.3],
			"shade": false,
			"rotation": {"angle": 22.5, "axis": "y", "origin": [7, 10.5, 11]},
			"faces": {
				"north": {"uv": [2, 5, 3, 7], "texture": "#0"},
				"south": {"uv": [2, 5, 3, 7], "texture": "#0"}
			}
		},
		{
			"from": [8.3, 8.5, 11.2],
			"to": [8.3, 10.5, 12.2],
			"shade": false,
			"rotation": {"angle": 22.5, "axis": "y", "origin": [7, 10.5, 11]},
			"faces": {
				"east": {"uv": [2, 5, 3, 7], "texture": "#0"},
				"west": {"uv": [2, 5, 3, 7], "texture": "#0"}
			}
		},
		{
			"from": [8.3, 8.5, 9.7],
			"to": [8.3, 11.5, 12.7],
			"shade": false,
			"rotation": {"angle": 0, "axis": "x", "origin": [7, 10.5, 11]},
			"faces": {
				"east": {"uv": [1, 4, 4, 7], "texture": "#0"},
				"west": {"uv": [1, 4, 4, 7], "texture": "#0"}
			}
		},
		{
			"from": [5.7, 8.5, 9.7],
			"to": [8.7, 11.5, 9.7],
			"shade": false,
			"rotation": {"angle": 0, "axis": "x", "origin": [7, 10.5, 11]},
			"faces": {
				"north": {"uv": [1, 4, 4, 7], "texture": "#0"},
				"south": {"uv": [1, 4, 4, 7], "texture": "#0"}
			}
		},
		{
			"from": [5.7, 10, 9.7],
			"to": [8.3, 10, 12.3],
			"shade": false,
			"rotation": {"angle": 0, "axis": "y", "origin": [7, 6, 11]},
			"faces": {
				"up": {"uv": [1, 0, 4, 3], "texture": "#0"},
				"down": {"uv": [1, 0, 4, 3], "texture": "#0"}
			}
		},
		{
			"from": [7, 0, 8.5],
			"to": [7, 12, 13.5],
			"shade": false,
			"rotation": {"angle": -45, "axis": "y", "origin": [7, 0, 11]},
			"faces": {
				"east": {"uv": [8, 4, 13, 16], "texture": "#0"},
				"west": {"uv": [8, 4, 13, 16], "texture": "#0"}
			}
		},
		{
			"from": [4.5, 0, 11],
			"to": [9.5, 12, 11],
			"shade": false,
			"rotation": {"angle": -45, "axis": "y", "origin": [7, 0, 11]},
			"faces": {
				"north": {"uv": [8, 4, 13, 16], "texture": "#0"},
				"south": {"uv": [8, 4, 13, 16], "texture": "#0"}
			}
		}
	],
	"groups": [
		{
			"name": "group",
			"origin": [6, 0, 6],
			"color": 0,
			"children": [0, 1, 2, 3, 4, 5, 6, 7, 8, 9, 10, 11, 12, 13, 14]
		},
		{
			"name": "group",
			"origin": [6, 0, 6],
			"color": 0,
			"children": [15, 16, 17, 18, 19, 20, 21, 22, 23, 24, 25, 26, 27, 28, 29]
		},
		{
			"name": "group",
			"origin": [6, 0, 6],
			"color": 0,
			"children": [30, 31, 32, 33, 34, 35, 36, 37, 38, 39, 40, 41, 42, 43, 44]
		}
	]
}