{
	"credit": "Made by XeKr with Blockbench",
	"parent": "minecraft:block/cross",
	"textures": {
		"0": "block/oxeye_daisy_3dx",
		"particle": "block/oxeye_daisy_3dx"
	},
	"elements": [
		{
			"from": [5.5, 0, 8],
			"to": [10.5, 9, 8],
			"shade": false,
			"rotation": {"angle": -45, "axis": "y", "origin": [8, 0, 8]},
			"faces": {
				"north": {"uv": [0, 7, 5, 16], "texture": "#0"},
				"south": {"uv": [0, 7, 5, 16], "texture": "#0"}
			}
		},
		{
			"from": [8, 0, 5.5],
			"to": [8, 9, 10.5],
			"shade": false,
			"rotation": {"angle": -45, "axis": "y", "origin": [8, 0, 8]},
			"faces": {
				"east": {"uv": [0, 7, 5, 16], "texture": "#0"},
				"west": {"uv": [0, 7, 5, 16], "texture": "#0"}
			}
		},
		{
			"from": [8, 8, 5.5],
			"to": [8, 9, 10.5],
			"shade": false,
			"rotation": {"angle": 0, "axis": "y", "origin": [8, -2, 8]},
			"faces": {
				"east": {"uv": [0, 7, 5, 8], "texture": "#0"},
				"west": {"uv": [0, 7, 5, 8], "texture": "#0"}
			}
		},
		{
			"from": [5.5, 8, 8],
			"to": [10.5, 9, 8],
			"shade": false,
			"rotation": {"angle": 0, "axis": "y", "origin": [8, -2, 8]},
			"faces": {
				"north": {"uv": [0, 7, 5, 8], "texture": "#0"},
				"south": {"uv": [0, 7, 5, 8], "texture": "#0"}
			}
		},
		{
			"from": [5, 8.6, 5],
			"to": [11, 8.6, 11],
			"rotation": {"angle": 0, "axis": "y", "origin": [8, 7.5, 8]},
			"faces": {
				"up": {"uv": [0, 0, 7, 7], "texture": "#0"},
				"down": {"uv": [0, 0, 7, 7], "texture": "#0"}
			}
		},
		{
			"from": [5, 8.7, 5],
			"to": [11, 8.7, 11],
			"rotation": {"angle": -45, "axis": "y", "origin": [8, 7.5, 8]},
			"faces": {
				"up": {"uv": [0, 0, 7, 7], "texture": "#0"},
				"down": {"uv": [0, 0, 7, 7], "texture": "#0"}
			}
		},
		{
			"from": [4, 0, 8],
			"to": [12, 0, 14],
			"rotation": {"angle": -22.5, "axis": "x", "origin": [8, 0, 8]},
			"faces": {
				"up": {"uv": [8, 16, 16, 10], "texture": "#0"},
				"down": {"uv": [8, 10, 16, 16], "texture": "#0"}
			}
		},
		{
			"from": [2, 0, 4],
			"to": [8, 0, 12],
			"rotation": {"angle": -22.5, "axis": "z", "origin": [8, 0, 8]},
			"faces": {
				"up": {"uv": [8, 16, 16, 10], "rotation": 90, "texture": "#0"},
				"down": {"uv": [8, 10, 16, 16], "rotation": 270, "texture": "#0"}
			}
		},
		{
			"from": [4, 0, 2],
			"to": [12, 0, 8],
			"rotation": {"angle": 22.5, "axis": "x", "origin": [8, 0, 8]},
			"faces": {
				"up": {"uv": [8, 16, 16, 10], "rotation": 180, "texture": "#0"},
				"down": {"uv": [8, 10, 16, 16], "rotation": 180, "texture": "#0"}
			}
		},
		{
			"from": [8, 0, 4],
			"to": [14, 0, 12],
			"rotation": {"angle": 22.5, "axis": "z", "origin": [8, 0, 8]},
			"faces": {
				"up": {"uv": [8, 16, 16, 10], "rotation": 270, "texture": "#0"},
				"down": {"uv": [8, 10, 16, 16], "rotation": 90, "texture": "#0"}
			}
		}
	]
}