{
	"credit": "Made by XeKr with Blockbench",
	"parent": "minecraft:block/cross",
	"textures": {
		"0": "block/oxeye_daisy_3dx",
		"particle": "block/oxeye_daisy_3dx"
	},
	"elements": [
		{
			"from": [4, 0, 8],
			"to": [12, 0, 14],
			"rotation": {"angle": -22.5, "axis": "x", "origin": [8, 0, 8]},
			"faces": {
				"up": {"uv": [8, 16, 16, 10], "texture": "#0"},
				"down": {"uv": [8, 10, 16, 16], "texture": "#0"}
			}
		},
		{
			"from": [2, 0, 4],
			"to": [8, 0, 12],
			"rotation": {"angle": -22.5, "axis": "z", "origin": [8, 0, 8]},
			"faces": {
				"up": {"uv": [8, 16, 16, 10], "rotation": 90, "texture": "#0"},
				"down": {"uv": [8, 10, 16, 16], "rotation": 270, "texture": "#0"}
			}
		},
		{
			"from": [4, 0, 2],
			"to": [12, 0, 8],
			"rotation": {"angle": 22.5, "axis": "x", "origin": [8, 0, 8]},
			"faces": {
				"up": {"uv": [8, 16, 16, 10], "rotation": 180, "texture": "#0"},
				"down": {"uv": [8, 10, 16, 16], "rotation": 180, "texture": "#0"}
			}
		},
		{
			"from": [8, 0, 4],
			"to": [14, 0, 12],
			"rotation": {"angle": 22.5, "axis": "z", "origin": [8, 0, 8]},
			"faces": {
				"up": {"uv": [8, 16, 16, 10], "rotation": 270, "texture": "#0"},
				"down": {"uv": [8, 10, 16, 16], "rotation": 90, "texture": "#0"}
			}
		},
		{
			"from": [7, 7.7, 6],
			"to": [11, 7.7, 10],
			"rotation": {"angle": 22.5, "axis": "y", "origin": [9, 6, 8]},
			"faces": {
				"up": {"uv": [1, 1, 6, 6], "rotation": 90, "texture": "#0"},
				"down": {"uv": [1, 1, 6, 6], "rotation": 270, "texture": "#0"}
			}
		},
		{
			"from": [7, 7.6, 6],
			"to": [11, 7.6, 10],
			"rotation": {"angle": -22.5, "axis": "y", "origin": [9, 6, 8]},
			"faces": {
				"up": {"uv": [1, 1, 6, 6], "texture": "#0"},
				"down": {"uv": [1, 1, 6, 6], "texture": "#0"}
			}
		},
		{
			"from": [7.5, 7, 8],
			"to": [10.5, 8, 8],
			"shade": false,
			"rotation": {"angle": -22.5, "axis": "y", "origin": [9, 7, 8]},
			"faces": {
				"north": {"uv": [5, 7, 8, 8], "texture": "#0"},
				"south": {"uv": [5, 7, 8, 8], "texture": "#0"}
			}
		},
		{
			"from": [7.5, 0, 8],
			"to": [10.5, 8, 8],
			"shade": false,
			"rotation": {"angle": 22.5, "axis": "y", "origin": [9, 7, 8]},
			"faces": {
				"north": {"uv": [5, 7, 8, 15], "texture": "#0"},
				"south": {"uv": [5, 7, 8, 15], "texture": "#0"}
			}
		},
		{
			"from": [9, 0, 6.5],
			"to": [9, 8, 9.5],
			"shade": false,
			"rotation": {"angle": 22.5, "axis": "y", "origin": [9, 7, 8]},
			"faces": {
				"east": {"uv": [5, 7, 8, 15], "texture": "#0"},
				"west": {"uv": [5, 7, 8, 15], "texture": "#0"}
			}
		},
		{
			"from": [9, 7, 6.5],
			"to": [9, 8, 9.5],
			"shade": false,
			"rotation": {"angle": -22.5, "axis": "y", "origin": [9, 7, 8]},
			"faces": {
				"east": {"uv": [5, 7, 8, 8], "texture": "#0"},
				"west": {"uv": [5, 7, 8, 8], "texture": "#0"}
			}
		},
		{
			"from": [4.5, 4.7, 4.5],
			"to": [7.5, 4.7, 7.5],
			"rotation": {"angle": -45, "axis": "y", "origin": [6, 3, 6]},
			"faces": {
				"up": {"uv": [1, 1, 6, 6], "texture": "#0"},
				"down": {"uv": [1, 1, 6, 6], "texture": "#0"}
			}
		},
		{
			"from": [4.5, 4.6, 4.5],
			"to": [7.5, 4.6, 7.5],
			"rotation": {"angle": 0, "axis": "y", "origin": [6, 3, 6]},
			"faces": {
				"up": {"uv": [1, 1, 6, 6], "texture": "#0"},
				"down": {"uv": [1, 1, 6, 6], "texture": "#0"}
			}
		},
		{
			"from": [4.8, 4, 6],
			"to": [7.2, 5, 6],
			"shade": false,
			"rotation": {"angle": 0, "axis": "y", "origin": [6, 4, 6]},
			"faces": {
				"north": {"uv": [5, 7, 8, 8], "texture": "#0"},
				"south": {"uv": [5, 7, 8, 8], "texture": "#0"}
			}
		},
		{
			"from": [6, 4, 4.8],
			"to": [6, 5, 7.2],
			"shade": false,
			"rotation": {"angle": 0, "axis": "y", "origin": [6, 4, 6]},
			"faces": {
				"east": {"uv": [5, 7, 8, 8], "texture": "#0"},
				"west": {"uv": [5, 7, 8, 8], "texture": "#0"}
			}
		},
		{
			"from": [6, 0, 4.8],
			"to": [6, 5, 7.2],
			"shade": false,
			"rotation": {"angle": -45, "axis": "y", "origin": [6, 4, 6]},
			"faces": {
				"east": {"uv": [5, 7, 8, 12], "texture": "#0"},
				"west": {"uv": [5, 7, 8, 12], "texture": "#0"}
			}
		},
		{
			"from": [6, 0, 4.8],
			"to": [6, 5, 7.2],
			"shade": false,
			"rotation": {"angle": 45, "axis": "y", "origin": [6, 4, 6]},
			"faces": {
				"east": {"uv": [5, 7, 8, 12], "texture": "#0"},
				"west": {"uv": [5, 7, 8, 12], "texture": "#0"}
			}
		},
		{
			"from": [8.5, 5.7, 3.5],
			"to": [11.5, 5.7, 6.5],
			"rotation": {"angle": -45, "axis": "y", "origin": [10, 4, 5]},
			"faces": {
				"up": {"uv": [1, 1, 6, 6], "texture": "#0"},
				"down": {"uv": [1, 1, 6, 6], "texture": "#0"}
			}
		},
		{
			"from": [8.5, 5.6, 3.5],
			"to": [11.5, 5.6, 6.5],
			"rotation": {"angle": 0, "axis": "y", "origin": [10, 4, 5]},
			"faces": {
				"up": {"uv": [1, 1, 6, 6], "texture": "#0"},
				"down": {"uv": [1, 1, 6, 6], "texture": "#0"}
			}
		},
		{
			"from": [8.8, 5, 5],
			"to": [11.2, 6, 5],
			"shade": false,
			"rotation": {"angle": 0, "axis": "y", "origin": [10, 5, 5]},
			"faces": {
				"north": {"uv": [5, 7, 8, 8], "texture": "#0"},
				"south": {"uv": [5, 7, 8, 8], "texture": "#0"}
			}
		},
		{
			"from": [10, 5, 3.8],
			"to": [10, 6, 6.2],
			"shade": false,
			"rotation": {"angle": 0, "axis": "y", "origin": [10, 5, 5]},
			"faces": {
				"east": {"uv": [5, 7, 8, 8], "texture": "#0"},
				"west": {"uv": [5, 7, 8, 8], "texture": "#0"}
			}
		},
		{
			"from": [10, 0, 3.8],
			"to": [10, 6, 6.2],
			"shade": false,
			"rotation": {"angle": -45, "axis": "y", "origin": [10, 5, 5]},
			"faces": {
				"east": {"uv": [5, 7, 8, 13], "texture": "#0"},
				"west": {"uv": [5, 7, 8, 13], "texture": "#0"}
			}
		},
		{
			"from": [10, 0, 3.8],
			"to": [10, 6, 6.2],
			"shade": false,
			"rotation": {"angle": 45, "axis": "y", "origin": [10, 5, 5]},
			"faces": {
				"east": {"uv": [5, 7, 8, 13], "texture": "#0"},
				"west": {"uv": [5, 7, 8, 13], "texture": "#0"}
			}
		},
		{
			"from": [9.5, 3.7, 8.5],
			"to": [12.5, 3.7, 11.5],
			"rotation": {"angle": -45, "axis": "y", "origin": [11, 2, 10]},
			"faces": {
				"up": {"uv": [1, 1, 6, 6], "texture": "#0"},
				"down": {"uv": [1, 1, 6, 6], "texture": "#0"}
			}
		},
		{
			"from": [9.5, 3.6, 8.5],
			"to": [12.5, 3.6, 11.5],
			"rotation": {"angle": 0, "axis": "y", "origin": [11, 2, 10]},
			"faces": {
				"up": {"uv": [1, 1, 6, 6], "texture": "#0"},
				"down": {"uv": [1, 1, 6, 6], "texture": "#0"}
			}
		},
		{
			"from": [9.8, 3, 10],
			"to": [12.2, 4, 10],
			"shade": false,
			"rotation": {"angle": 0, "axis": "y", "origin": [11, 3, 10]},
			"faces": {
				"north": {"uv": [5, 7, 8, 8], "texture": "#0"},
				"south": {"uv": [5, 7, 8, 8], "texture": "#0"}
			}
		},
		{
			"from": [11, 3, 8.8],
			"to": [11, 4, 11.2],
			"shade": false,
			"rotation": {"angle": 0, "axis": "y", "origin": [11, 3, 10]},
			"faces": {
				"east": {"uv": [5, 7, 8, 8], "texture": "#0"},
				"west": {"uv": [5, 7, 8, 8], "texture": "#0"}
			}
		},
		{
			"from": [11, 0, 8.8],
			"to": [11, 4, 11.2],
			"shade": false,
			"rotation": {"angle": -45, "axis": "y", "origin": [11, 3, 10]},
			"faces": {
				"east": {"uv": [5, 7, 8, 11], "texture": "#0"},
				"west": {"uv": [5, 7, 8, 11], "texture": "#0"}
			}
		},
		{
			"from": [11, 0, 8.8],
			"to": [11, 4, 11.2],
			"shade": false,
			"rotation": {"angle": 45, "axis": "y", "origin": [11, 3, 10]},
			"faces": {
				"east": {"uv": [5, 7, 8, 11], "texture": "#0"},
				"west": {"uv": [5, 7, 8, 11], "texture": "#0"}
			}
		},
		{
			"from": [3, 5.7, 8],
			"to": [7, 5.7, 12],
			"rotation": {"angle": 22.5, "axis": "y", "origin": [5, 4, 10]},
			"faces": {
				"up": {"uv": [1, 1, 6, 6], "rotation": 90, "texture": "#0"},
				"down": {"uv": [1, 1, 6, 6], "rotation": 270, "texture": "#0"}
			}
		},
		{
			"from": [3, 5.6, 8],
			"to": [7, 5.6, 12],
			"rotation": {"angle": -22.5, "axis": "y", "origin": [5, 4, 10]},
			"faces": {
				"up": {"uv": [1, 1, 6, 6], "texture": "#0"},
				"down": {"uv": [1, 1, 6, 6], "texture": "#0"}
			}
		},
		{
			"from": [3.5, 5, 10],
			"to": [6.5, 6, 10],
			"shade": false,
			"rotation": {"angle": -22.5, "axis": "y", "origin": [5, 5, 10]},
			"faces": {
				"north": {"uv": [5, 7, 8, 8], "texture": "#0"},
				"south": {"uv": [5, 7, 8, 8], "texture": "#0"}
			}
		},
		{
			"from": [3.5, 0, 10],
			"to": [6.5, 6, 10],
			"shade": false,
			"rotation": {"angle": 22.5, "axis": "y", "origin": [5, 5, 10]},
			"faces": {
				"north": {"uv": [5, 7, 8, 13], "texture": "#0"},
				"south": {"uv": [5, 7, 8, 13], "texture": "#0"}
			}
		},
		{
			"from": [5, 0, 8.5],
			"to": [5, 6, 11.5],
			"shade": false,
			"rotation": {"angle": 22.5, "axis": "y", "origin": [5, 5, 10]},
			"faces": {
				"east": {"uv": [5, 7, 8, 13], "texture": "#0"},
				"west": {"uv": [5, 7, 8, 13], "texture": "#0"}
			}
		},
		{
			"from": [5, 5, 8.5],
			"to": [5, 6, 11.5],
			"shade": false,
			"rotation": {"angle": -22.5, "axis": "y", "origin": [5, 5, 10]},
			"faces": {
				"east": {"uv": [5, 7, 8, 8], "texture": "#0"},
				"west": {"uv": [5, 7, 8, 8], "texture": "#0"}
			}
		},
		{
			"from": [6.5, 4.7, 10.5],
			"to": [9.5, 4.7, 13.5],
			"rotation": {"angle": -22.5, "axis": "y", "origin": [8, 3, 12]},
			"faces": {
				"up": {"uv": [1, 1, 6, 6], "texture": "#0"},
				"down": {"uv": [1, 1, 6, 6], "texture": "#0"}
			}
		},
		{
			"from": [6.5, 4.6, 10.5],
			"to": [9.5, 4.6, 13.5],
			"rotation": {"angle": 22.5, "axis": "y", "origin": [8, 3, 12]},
			"faces": {
				"up": {"uv": [1, 1, 6, 6], "texture": "#0"},
				"down": {"uv": [1, 1, 6, 6], "texture": "#0"}
			}
		},
		{
			"from": [6.8, 4, 12],
			"to": [9.2, 5, 12],
			"shade": false,
			"rotation": {"angle": 22.5, "axis": "y", "origin": [8, 4, 12]},
			"faces": {
				"north": {"uv": [5, 7, 8, 8], "texture": "#0"},
				"south": {"uv": [5, 7, 8, 8], "texture": "#0"}
			}
		},
		{
			"from": [8, 4, 10.8],
			"to": [8, 5, 13.2],
			"shade": false,
			"rotation": {"angle": 22.5, "axis": "y", "origin": [8, 4, 12]},
			"faces": {
				"east": {"uv": [5, 7, 8, 8], "texture": "#0"},
				"west": {"uv": [5, 7, 8, 8], "texture": "#0"}
			}
		},
		{
			"from": [8, 0, 10.8],
			"to": [8, 5, 13.2],
			"shade": false,
			"rotation": {"angle": -22.5, "axis": "y", "origin": [8, 4, 12]},
			"faces": {
				"east": {"uv": [5, 7, 8, 12], "texture": "#0"},
				"west": {"uv": [5, 7, 8, 12], "texture": "#0"}
			}
		},
		{
			"from": [6.8, 0, 12],
			"to": [9.2, 5, 12],
			"shade": false,
			"rotation": {"angle": -22.5, "axis": "y", "origin": [8, 4, 12]},
			"faces": {
				"north": {"uv": [5, 7, 8, 12], "texture": "#0"},
				"south": {"uv": [5, 7, 8, 12], "texture": "#0"}
			}
		}
	],
	"groups": [
		0,
		1,
		2,
		3,
		{
			"name": "group",
			"origin": [7, 5, 11],
			"color": 0,
			"children": [4, 5, 6, 7, 8, 9]
		},
		{
			"name": "group",
			"origin": [7, 5, 11],
			"color": 0,
			"children": [10, 11, 12, 13, 14, 15]
		},
		{
			"name": "group",
			"origin": [7, 5, 11],
			"color": 0,
			"children": [16, 17, 18, 19, 20, 21]
		},
		{
			"name": "group",
			"origin": [7, 5, 11],
			"color": 0,
			"children": [22, 23, 24, 25, 26, 27]
		},
		{
			"name": "group",
			"origin": [7, 5, 11],
			"color": 0,
			"children": [28, 29, 30, 31, 32, 33]
		},
		{
			"name": "group",
			"origin": [7, 5, 11],
			"color": 0,
			"children": [34, 35, 36, 37, 38, 39]
		}
	]
}