{
	"credit": "Made by XeKr with Blockbench",
	"parent": "minecraft:block/cross",
	"textures": {
		"0": "block/oxeye_daisy_3dx",
		"particle": "block/oxeye_daisy_3dx"
	},
	"elements": [
		{
			"from": [4, 0, 8],
			"to": [12, 0, 14],
			"rotation": {"angle": -22.5, "axis": "x", "origin": [8, 0, 8]},
			"faces": {
				"up": {"uv": [8, 16, 16, 10], "texture": "#0"},
				"down": {"uv": [8, 10, 16, 16], "texture": "#0"}
			}
		},
		{
			"from": [2, 0, 4],
			"to": [8, 0, 12],
			"rotation": {"angle": -22.5, "axis": "z", "origin": [8, 0, 8]},
			"faces": {
				"up": {"uv": [8, 16, 16, 10], "rotation": 90, "texture": "#0"},
				"down": {"uv": [8, 10, 16, 16], "rotation": 270, "texture": "#0"}
			}
		},
		{
			"from": [4, 0, 2],
			"to": [12, 0, 8],
			"rotation": {"angle": 22.5, "axis": "x", "origin": [8, 0, 8]},
			"faces": {
				"up": {"uv": [8, 16, 16, 10], "rotation": 180, "texture": "#0"},
				"down": {"uv": [8, 10, 16, 16], "rotation": 180, "texture": "#0"}
			}
		},
		{
			"from": [8, 0, 4],
			"to": [14, 0, 12],
			"rotation": {"angle": 22.5, "axis": "z", "origin": [8, 0, 8]},
			"faces": {
				"up": {"uv": [8, 16, 16, 10], "rotation": 270, "texture": "#0"},
				"down": {"uv": [8, 10, 16, 16], "rotation": 90, "texture": "#0"}
			}
		},
		{
			"from": [5, 5.7, 8],
			"to": [9, 5.7, 12],
			"rotation": {"angle": 22.5, "axis": "y", "origin": [7, 4, 10]},
			"faces": {
				"up": {"uv": [1, 1, 6, 6], "rotation": 90, "texture": "#0"},
				"down": {"uv": [1, 1, 6, 6], "rotation": 270, "texture": "#0"}
			}
		},
		{
			"from": [5, 5.6, 8],
			"to": [9, 5.6, 12],
			"rotation": {"angle": -22.5, "axis": "y", "origin": [7, 4, 10]},
			"faces": {
				"up": {"uv": [1, 1, 6, 6], "texture": "#0"},
				"down": {"uv": [1, 1, 6, 6], "texture": "#0"}
			}
		},
		{
			"from": [5.5, 5, 10],
			"to": [8.5, 6, 10],
			"shade": false,
			"rotation": {"angle": -22.5, "axis": "y", "origin": [7, 5, 10]},
			"faces": {
				"north": {"uv": [5, 7, 8, 8], "texture": "#0"},
				"south": {"uv": [5, 7, 8, 8], "texture": "#0"}
			}
		},
		{
			"from": [5.5, 0, 10],
			"to": [8.5, 6, 10],
			"shade": false,
			"rotation": {"angle": 22.5, "axis": "y", "origin": [7, 5, 10]},
			"faces": {
				"north": {"uv": [5, 7, 8, 13], "texture": "#0"},
				"south": {"uv": [5, 7, 8, 13], "texture": "#0"}
			}
		},
		{
			"from": [7, 0, 8.5],
			"to": [7, 6, 11.5],
			"shade": false,
			"rotation": {"angle": 22.5, "axis": "y", "origin": [7, 5, 10]},
			"faces": {
				"east": {"uv": [5, 7, 8, 13], "texture": "#0"},
				"west": {"uv": [5, 7, 8, 13], "texture": "#0"}
			}
		},
		{
			"from": [7, 5, 8.5],
			"to": [7, 6, 11.5],
			"shade": false,
			"rotation": {"angle": -22.5, "axis": "y", "origin": [7, 5, 10]},
			"faces": {
				"east": {"uv": [5, 7, 8, 8], "texture": "#0"},
				"west": {"uv": [5, 7, 8, 8], "texture": "#0"}
			}
		},
		{
			"from": [4.5, 4.7, 5.5],
			"to": [7.5, 4.7, 8.5],
			"rotation": {"angle": -45, "axis": "y", "origin": [6, 3, 7]},
			"faces": {
				"up": {"uv": [1, 1, 6, 6], "texture": "#0"},
				"down": {"uv": [1, 1, 6, 6], "texture": "#0"}
			}
		},
		{
			"from": [4.5, 4.6, 5.5],
			"to": [7.5, 4.6, 8.5],
			"rotation": {"angle": 0, "axis": "y", "origin": [6, 3, 7]},
			"faces": {
				"up": {"uv": [1, 1, 6, 6], "texture": "#0"},
				"down": {"uv": [1, 1, 6, 6], "texture": "#0"}
			}
		},
		{
			"from": [4.8, 4, 7],
			"to": [7.2, 5, 7],
			"shade": false,
			"rotation": {"angle": 0, "axis": "y", "origin": [6, 4, 7]},
			"faces": {
				"north": {"uv": [5, 7, 8, 8], "texture": "#0"},
				"south": {"uv": [5, 7, 8, 8], "texture": "#0"}
			}
		},
		{
			"from": [6, 4, 5.8],
			"to": [6, 5, 8.2],
			"shade": false,
			"rotation": {"angle": 0, "axis": "y", "origin": [6, 4, 7]},
			"faces": {
				"east": {"uv": [5, 7, 8, 8], "texture": "#0"},
				"west": {"uv": [5, 7, 8, 8], "texture": "#0"}
			}
		},
		{
			"from": [6, 0, 5.8],
			"to": [6, 5, 8.2],
			"shade": false,
			"rotation": {"angle": -45, "axis": "y", "origin": [6, 4, 7]},
			"faces": {
				"east": {"uv": [5, 7, 8, 12], "texture": "#0"},
				"west": {"uv": [5, 7, 8, 12], "texture": "#0"}
			}
		},
		{
			"from": [6, 0, 5.8],
			"to": [6, 5, 8.2],
			"shade": false,
			"rotation": {"angle": 45, "axis": "y", "origin": [6, 4, 7]},
			"faces": {
				"east": {"uv": [5, 7, 8, 12], "texture": "#0"},
				"west": {"uv": [5, 7, 8, 12], "texture": "#0"}
			}
		},
		{
			"from": [6, 6.7, 4],
			"to": [12, 6.7, 10],
			"rotation": {"angle": -22.5, "axis": "y", "origin": [9, 5, 7]},
			"faces": {
				"up": {"uv": [0, 0, 7, 7], "texture": "#0"},
				"down": {"uv": [0, 0, 7, 7], "texture": "#0"}
			}
		},
		{
			"from": [6, 6.6, 4],
			"to": [12, 6.6, 10],
			"rotation": {"angle": 22.5, "axis": "y", "origin": [9, 5, 7]},
			"faces": {
				"up": {"uv": [0, 0, 7, 7], "texture": "#0"},
				"down": {"uv": [0, 0, 7, 7], "texture": "#0"}
			}
		},
		{
			"from": [6.5, 0, 7],
			"to": [11.5, 7, 7],
			"shade": false,
			"rotation": {"angle": -22.5, "axis": "y", "origin": [9, 5, 7]},
			"faces": {
				"north": {"uv": [0, 7, 5, 14], "texture": "#0"},
				"south": {"uv": [0, 7, 5, 14], "texture": "#0"}
			}
		},
		{
			"from": [9, 0, 4.5],
			"to": [9, 7, 9.5],
			"shade": false,
			"rotation": {"angle": -22.5, "axis": "y", "origin": [9, 5, 7]},
			"faces": {
				"east": {"uv": [0, 7, 5, 14], "texture": "#0"},
				"west": {"uv": [0, 7, 5, 14], "texture": "#0"}
			}
		},
		{
			"from": [9, 6, 4.5],
			"to": [9, 7, 9.5],
			"shade": false,
			"rotation": {"angle": 22.5, "axis": "y", "origin": [9, 5, 7]},
			"faces": {
				"east": {"uv": [0, 7, 5, 8], "texture": "#0"},
				"west": {"uv": [0, 7, 5, 8], "texture": "#0"}
			}
		},
		{
			"from": [6.5, 6, 7],
			"to": [11.5, 7, 7],
			"shade": false,
			"rotation": {"angle": 22.5, "axis": "y", "origin": [9, 5, 7]},
			"faces": {
				"north": {"uv": [0, 7, 5, 8], "texture": "#0"},
				"south": {"uv": [0, 7, 5, 8], "texture": "#0"}
			}
		}
	],
	"groups": [
		0,
		1,
		2,
		3,
		{
			"name": "group",
			"origin": [7, 5, 11],
			"color": 0,
			"children": [4, 5, 6, 7, 8, 9]
		},
		{
			"name": "group",
			"origin": [7, 5, 11],
			"color": 0,
			"children": [10, 11, 12, 13, 14, 15]
		},
		{
			"name": "group",
			"origin": [10, 5, 6],
			"color": 0,
			"children": [16, 17, 18, 19, 20, 21]
		}
	]
}