{
	"credit": "Made by XeKr with Blockbench",
	"parent": "minecraft:block/cross",
	"textures": {
		"0": "block/peony_3dx",
		"particle": "block/peony_3dx"
	},
	"elements": [
		{
			"from": [8, 0, 7],
			"to": [8, 16, 9],
			"shade": false,
			"rotation": {"angle": 45, "axis": "y", "origin": [8, 8, 8]},
			"faces": {
				"east": {"uv": [0, 0, 2, 16], "texture": "#0"},
				"west": {"uv": [0, 0, 2, 16], "texture": "#0"}
			}
		},
		{
			"from": [7, 0, 8],
			"to": [9, 16, 8],
			"shade": false,
			"rotation": {"angle": 45, "axis": "y", "origin": [8, 8, 8]},
			"faces": {
				"north": {"uv": [0, 0, 2, 16], "texture": "#0"},
				"south": {"uv": [0, 0, 2, 16], "texture": "#0"}
			}
		},
		{
			"from": [5.5, 9, 2],
			"to": [10.5, 9, 8],
			"shade": false,
			"rotation": {"angle": -22.5, "axis": "x", "origin": [8, 9, 8]},
			"faces": {
				"up": {"uv": [4, 16, 9, 10], "rotation": 180, "texture": "#0"},
				"down": {"uv": [4, 10, 9, 16], "rotation": 180, "texture": "#0"}
			}
		},
		{
			"from": [8, 13, 5.5],
			"to": [14, 13, 10.5],
			"shade": false,
			"rotation": {"angle": -45, "axis": "z", "origin": [8, 13, 8]},
			"faces": {
				"up": {"uv": [4, 16, 9, 10], "rotation": 270, "texture": "#0"},
				"down": {"uv": [4, 10, 9, 16], "rotation": 90, "texture": "#0"}
			}
		},
		{
			"from": [5.5, 10, 8],
			"to": [10.5, 10, 14],
			"shade": false,
			"rotation": {"angle": 22.5, "axis": "x", "origin": [8, 10, 8]},
			"faces": {
				"up": {"uv": [4, 16, 9, 10], "texture": "#0"},
				"down": {"uv": [4, 10, 9, 16], "texture": "#0"}
			}
		},
		{
			"from": [2, 14, 5.5],
			"to": [8, 14, 10.5],
			"shade": false,
			"rotation": {"angle": 22.5, "axis": "z", "origin": [8, 14, 8]},
			"faces": {
				"up": {"uv": [4, 16, 9, 10], "rotation": 90, "texture": "#0"},
				"down": {"uv": [4, 10, 9, 16], "rotation": 270, "texture": "#0"}
			}
		},
		{
			"from": [8, 5, 5.5],
			"to": [14, 5, 10.5],
			"shade": false,
			"rotation": {"angle": -22.5, "axis": "z", "origin": [8, 5, 8]},
			"faces": {
				"up": {"uv": [4, 16, 9, 10], "rotation": 270, "texture": "#0"},
				"down": {"uv": [4, 10, 9, 16], "rotation": 90, "texture": "#0"}
			}
		},
		{
			"from": [8, 0, 3.5],
			"to": [14, 0, 12.5],
			"shade": false,
			"rotation": {"angle": 22.5, "axis": "z", "origin": [8, 0, 8]},
			"faces": {
				"up": {"uv": [2, 16, 11, 10], "rotation": 270, "texture": "#0"},
				"down": {"uv": [2, 10, 11, 16], "rotation": 90, "texture": "#0"}
			}
		},
		{
			"from": [3.5, 0, 8],
			"to": [12.5, 0, 14],
			"shade": false,
			"rotation": {"angle": -22.5, "axis": "x", "origin": [8, 0, 8]},
			"faces": {
				"up": {"uv": [2, 16, 11, 10], "texture": "#0"},
				"down": {"uv": [2, 10, 11, 16], "texture": "#0"}
			}
		},
		{
			"from": [2, 0, 3.5],
			"to": [8, 0, 12.5],
			"shade": false,
			"rotation": {"angle": -22.5, "axis": "z", "origin": [8, 0, 8]},
			"faces": {
				"up": {"uv": [2, 16, 11, 10], "rotation": 90, "texture": "#0"},
				"down": {"uv": [2, 10, 11, 16], "rotation": 270, "texture": "#0"}
			}
		},
		{
			"from": [3.5, 0, 2],
			"to": [12.5, 0, 8],
			"shade": false,
			"rotation": {"angle": 22.5, "axis": "x", "origin": [8, 0, 8]},
			"faces": {
				"up": {"uv": [2, 16, 11, 10], "rotation": 180, "texture": "#0"},
				"down": {"uv": [2, 10, 11, 16], "rotation": 180, "texture": "#0"}
			}
		},
		{
			"from": [7.5, 12, 7],
			"to": [9.5, 13, 9],
			"shade": false,
			"rotation": {"angle": -45, "axis": "z", "origin": [8.5, 12, 8]},
			"faces": {
				"north": {"uv": [13, 7, 15, 8], "texture": "#0"},
				"east": {"uv": [13, 7, 15, 8], "texture": "#0"},
				"south": {"uv": [13, 7, 15, 8], "texture": "#0"},
				"west": {"uv": [13, 7, 15, 8], "texture": "#0"},
				"down": {"uv": [13, 7, 15, 9], "rotation": 270, "texture": "#0"}
			}
		},
		{
			"from": [6.5, 15, 6],
			"to": [6.5, 15.5, 10],
			"shade": false,
			"rotation": {"angle": -45, "axis": "z", "origin": [8.5, 12, 8]},
			"faces": {
				"east": {"uv": [4, 0, 8, 1], "texture": "#0"},
				"west": {"uv": [12, 5, 16, 6], "texture": "#0"}
			}
		},
		{
			"from": [7.5, 15, 10],
			"to": [10.5, 15.5, 10],
			"shade": false,
			"rotation": {"angle": -45, "axis": "z", "origin": [8.5, 12, 8]},
			"faces": {
				"north": {"uv": [4, 0, 7, 1], "texture": "#0"},
				"south": {"uv": [13, 5, 16, 6], "texture": "#0"}
			}
		},
		{
			"from": [7.5, 15, 7],
			"to": [9.5, 15.5, 7],
			"shade": false,
			"rotation": {"angle": -45, "axis": "z", "origin": [8.5, 12, 8]},
			"faces": {
				"north": {"uv": [4, 0, 6, 1], "texture": "#0"},
				"south": {"uv": [4, 1, 6, 2], "texture": "#0"}
			}
		},
		{
			"from": [8.5, 15, 9],
			"to": [9.5, 15.5, 9],
			"shade": false,
			"rotation": {"angle": -45, "axis": "z", "origin": [8.5, 12, 8]},
			"faces": {
				"north": {"uv": [4, 1, 5, 2], "texture": "#0"},
				"south": {"uv": [4, 0, 5, 1], "texture": "#0"}
			}
		},
		{
			"from": [6.5, 15, 6],
			"to": [10.5, 15.5, 6],
			"shade": false,
			"rotation": {"angle": -45, "axis": "z", "origin": [8.5, 12, 8]},
			"faces": {
				"north": {"uv": [12, 5, 16, 6], "texture": "#0"},
				"south": {"uv": [4, 0, 8, 1], "texture": "#0"}
			}
		},
		{
			"from": [10.5, 15, 6],
			"to": [10.5, 15.5, 10],
			"shade": false,
			"rotation": {"angle": -45, "axis": "z", "origin": [8.5, 12, 8]},
			"faces": {
				"east": {"uv": [12, 5, 16, 6], "texture": "#0"},
				"west": {"uv": [4, 0, 8, 1], "texture": "#0"}
			}
		},
		{
			"from": [9.5, 15, 7],
			"to": [9.5, 15.5, 9],
			"shade": false,
			"rotation": {"angle": -45, "axis": "z", "origin": [8.5, 12, 8]},
			"faces": {
				"east": {"uv": [4, 0, 6, 1], "texture": "#0"},
				"west": {"uv": [4, 1, 6, 2], "texture": "#0"}
			}
		},
		{
			"from": [8.5, 15, 8],
			"to": [8.5, 15.5, 9],
			"shade": false,
			"rotation": {"angle": -45, "axis": "z", "origin": [8.5, 12, 8]},
			"faces": {
				"east": {"uv": [4, 0, 5, 1], "texture": "#0"},
				"west": {"uv": [4, 0, 5, 1], "texture": "#0"}
			}
		},
		{
			"from": [7.5, 15, 7],
			"to": [7.5, 15.5, 10],
			"shade": false,
			"rotation": {"angle": -45, "axis": "z", "origin": [8.5, 12, 8]},
			"faces": {
				"east": {"uv": [4, 1, 7, 2], "texture": "#0"},
				"west": {"uv": [4, 0, 7, 1], "texture": "#0"}
			}
		},
		{
			"from": [6.5, 13, 6],
			"to": [10.5, 15, 10],
			"shade": false,
			"rotation": {"angle": -45, "axis": "z", "origin": [8.5, 12, 8]},
			"faces": {
				"north": {"uv": [12, 5, 16, 7], "texture": "#0"},
				"east": {"uv": [12, 5, 16, 7], "texture": "#0"},
				"south": {"uv": [12, 5, 16, 7], "texture": "#0"},
				"west": {"uv": [12, 5, 16, 7], "texture": "#0"},
				"up": {"uv": [8, 0, 12, 4], "rotation": 90, "texture": "#0"},
				"down": {"uv": [12, 9, 16, 13], "rotation": 270, "texture": "#0"}
			}
		},
		{
			"from": [6.5, 3, 7],
			"to": [8.5, 4, 9],
			"shade": false,
			"rotation": {"angle": 45, "axis": "z", "origin": [7.5, 3, 8]},
			"faces": {
				"north": {"uv": [13, 7, 15, 8], "texture": "#0"},
				"east": {"uv": [13, 7, 15, 8], "texture": "#0"},
				"south": {"uv": [13, 7, 15, 8], "texture": "#0"},
				"west": {"uv": [13, 7, 15, 8], "texture": "#0"},
				"down": {"uv": [13, 7, 15, 9], "rotation": 90, "texture": "#0"}
			}
		},
		{
			"from": [9.5, 6, 6],
			"to": [9.5, 6.5, 10],
			"shade": false,
			"rotation": {"angle": 45, "axis": "z", "origin": [7.5, 3, 8]},
			"faces": {
				"east": {"uv": [12, 5, 16, 6], "texture": "#0"},
				"west": {"uv": [4, 0, 8, 1], "texture": "#0"}
			}
		},
		{
			"from": [5.5, 6, 6],
			"to": [8.5, 6.5, 6],
			"shade": false,
			"rotation": {"angle": 45, "axis": "z", "origin": [7.5, 3, 8]},
			"faces": {
				"north": {"uv": [13, 5, 16, 6], "texture": "#0"},
				"south": {"uv": [4, 0, 7, 1], "texture": "#0"}
			}
		},
		{
			"from": [6.5, 6, 9],
			"to": [8.5, 6.5, 9],
			"shade": false,
			"rotation": {"angle": 45, "axis": "z", "origin": [7.5, 3, 8]},
			"faces": {
				"north": {"uv": [4, 1, 6, 2], "texture": "#0"},
				"south": {"uv": [4, 0, 6, 1], "texture": "#0"}
			}
		},
		{
			"from": [6.5, 6, 7],
			"to": [7.5, 6.5, 7],
			"shade": false,
			"rotation": {"angle": 45, "axis": "z", "origin": [7.5, 3, 8]},
			"faces": {
				"north": {"uv": [14, 5, 15, 6], "texture": "#0"},
				"south": {"uv": [4, 1, 5, 2], "texture": "#0"}
			}
		},
		{
			"from": [5.5, 6, 10],
			"to": [9.5, 6.5, 10],
			"shade": false,
			"rotation": {"angle": 45, "axis": "z", "origin": [7.5, 3, 8]},
			"faces": {
				"north": {"uv": [4, 0, 8, 1], "texture": "#0"},
				"south": {"uv": [12, 5, 16, 6], "texture": "#0"}
			}
		},
		{
			"from": [5.5, 6, 6],
			"to": [5.5, 6.5, 10],
			"shade": false,
			"rotation": {"angle": 45, "axis": "z", "origin": [7.5, 3, 8]},
			"faces": {
				"east": {"uv": [4, 0, 8, 1], "texture": "#0"},
				"west": {"uv": [12, 5, 16, 6], "texture": "#0"}
			}
		},
		{
			"from": [6.5, 6, 7],
			"to": [6.5, 6.5, 9],
			"shade": false,
			"rotation": {"angle": 45, "axis": "z", "origin": [7.5, 3, 8]},
			"faces": {
				"east": {"uv": [4, 1, 6, 2], "texture": "#0"},
				"west": {"uv": [4, 0, 6, 1], "texture": "#0"}
			}
		},
		{
			"from": [7.5, 6, 7],
			"to": [7.5, 6.5, 8],
			"shade": false,
			"rotation": {"angle": 45, "axis": "z", "origin": [7.5, 3, 8]},
			"faces": {
				"east": {"uv": [4, 0, 5, 1], "texture": "#0"},
				"west": {"uv": [4, 0, 5, 1], "texture": "#0"}
			}
		},
		{
			"from": [8.5, 6, 6],
			"to": [8.5, 6.5, 9],
			"shade": false,
			"rotation": {"angle": 45, "axis": "z", "origin": [7.5, 3, 8]},
			"faces": {
				"east": {"uv": [4, 0, 7, 1], "texture": "#0"},
				"west": {"uv": [4, 1, 7, 2], "texture": "#0"}
			}
		},
		{
			"from": [5.5, 4, 6],
			"to": [9.5, 6, 10],
			"shade": false,
			"rotation": {"angle": 45, "axis": "z", "origin": [7.5, 3, 8]},
			"faces": {
				"north": {"uv": [12, 5, 16, 7], "texture": "#0"},
				"east": {"uv": [12, 5, 16, 7], "texture": "#0"},
				"south": {"uv": [12, 5, 16, 7], "texture": "#0"},
				"west": {"uv": [12, 5, 16, 7], "texture": "#0"},
				"up": {"uv": [8, 0, 12, 4], "rotation": 270, "texture": "#0"},
				"down": {"uv": [12, 9, 16, 13], "rotation": 90, "texture": "#0"}
			}
		},
		{
			"from": [7, 8, 5],
			"to": [9, 10, 8],
			"shade": false,
			"rotation": {"angle": 22.5, "axis": "x", "origin": [8, 9, 8]},
			"faces": {
				"north": {"uv": [4, 5, 6, 7], "rotation": 180, "texture": "#0"},
				"east": {"uv": [13, 5, 15, 8], "rotation": 90, "texture": "#0"},
				"south": {"uv": [13, 7, 15, 9], "texture": "#0"},
				"west": {"uv": [13, 5, 15, 8], "rotation": 270, "texture": "#0"},
				"up": {"uv": [13, 5, 15, 8], "texture": "#0"},
				"down": {"uv": [13, 5, 15, 8], "rotation": 180, "texture": "#0"}
			}
		}
	],
	"groups": [
		0,
		1,
		2,
		3,
		4,
		5,
		6,
		7,
		8,
		9,
		10,
		{
			"name": "group",
			"origin": [8, 7, 8],
			"color": 0,
			"shade": false,
			"children": [11, 12, 13, 14, 15, 16, 17, 18, 19, 20, 21]
		},
		{
			"name": "group",
			"origin": [8, 7, 8],
			"color": 0,
			"shade": false,
			"children": [22, 23, 24, 25, 26, 27, 28, 29, 30, 31, 32]
		},
		33
	]
}