{
	"credit": "Made by XeKr with Blockbench",
	"parent": "minecraft:block/cross",
	"textures": {
		"0": "block/peony_3dx",
		"particle": "block/peony_3dx"
	},
	"elements": [
		{
			"from": [7, 0, 8],
			"to": [9, 8, 8],
			"shade": false,
			"rotation": {"angle": 45, "axis": "y", "origin": [8, 9, 8]},
			"faces": {
				"north": {"uv": [0, 0, 2, 8], "texture": "#0"},
				"south": {"uv": [0, 0, 2, 8], "texture": "#0"}
			}
		},
		{
			"from": [8, 0, 7],
			"to": [8, 8, 9],
			"shade": false,
			"rotation": {"angle": 45, "axis": "y", "origin": [8, 9, 8]},
			"faces": {
				"east": {"uv": [0, 0, 2, 8], "texture": "#0"},
				"west": {"uv": [0, 0, 2, 8], "texture": "#0"}
			}
		},
		{
			"from": [3.5, 7.5, 9],
			"to": [12.5, 7.5, 14],
			"shade": false,
			"rotation": {"angle": -22.5, "axis": "x", "origin": [8, 8.5, 8]},
			"faces": {
				"up": {"uv": [2, 10, 11, 5], "texture": "#0"},
				"down": {"uv": [2, 5, 11, 10], "texture": "#0"}
			}
		},
		{
			"from": [2, 7.5, 3.5],
			"to": [7, 7.5, 12.5],
			"shade": false,
			"rotation": {"angle": -22.5, "axis": "z", "origin": [8, 8.5, 8]},
			"faces": {
				"up": {"uv": [2, 10, 11, 5], "rotation": 90, "texture": "#0"},
				"down": {"uv": [2, 5, 11, 10], "rotation": 270, "texture": "#0"}
			}
		},
		{
			"from": [3.5, 7.5, 2],
			"to": [12.5, 7.5, 7],
			"shade": false,
			"rotation": {"angle": 22.5, "axis": "x", "origin": [8, 8.5, 8]},
			"faces": {
				"up": {"uv": [2, 10, 11, 5], "rotation": 180, "texture": "#0"},
				"down": {"uv": [2, 5, 11, 10], "rotation": 180, "texture": "#0"}
			}
		},
		{
			"from": [9, 7.5, 3.5],
			"to": [14, 7.5, 12.5],
			"shade": false,
			"rotation": {"angle": 22.5, "axis": "z", "origin": [8, 8.5, 8]},
			"faces": {
				"up": {"uv": [2, 10, 11, 5], "rotation": 270, "texture": "#0"},
				"down": {"uv": [2, 5, 11, 10], "rotation": 90, "texture": "#0"}
			}
		},
		{
			"from": [6, 8, 6],
			"to": [10, 10, 10],
			"shade": false,
			"rotation": {"angle": 0, "axis": "y", "origin": [0, 1.5, 0]},
			"faces": {
				"north": {"uv": [12, 4, 16, 6], "texture": "#0"},
				"east": {"uv": [12, 4, 16, 6], "texture": "#0"},
				"south": {"uv": [12, 4, 16, 6], "texture": "#0"},
				"west": {"uv": [12, 4, 16, 6], "texture": "#0"},
				"up": {"uv": [12, 0, 16, 4], "texture": "#0"},
				"down": {"uv": [8, 0, 12, 4], "texture": "#0"}
			}
		},
		{
			"from": [4.5, 7.5, 9],
			"to": [11.5, 7.5, 14],
			"shade": false,
			"rotation": {"angle": -45, "axis": "x", "origin": [8, 8, 8]},
			"faces": {
				"up": {"uv": [3, 10, 10, 5], "texture": "#0"},
				"down": {"uv": [3, 5, 10, 10], "texture": "#0"}
			}
		},
		{
			"from": [2, 7.5, 4.5],
			"to": [7, 7.5, 11.5],
			"shade": false,
			"rotation": {"angle": -45, "axis": "z", "origin": [8, 8, 8]},
			"faces": {
				"up": {"uv": [3, 10, 10, 5], "rotation": 90, "texture": "#0"},
				"down": {"uv": [3, 5, 10, 10], "rotation": 270, "texture": "#0"}
			}
		},
		{
			"from": [4.5, 7.5, 2],
			"to": [11.5, 7.5, 7],
			"shade": false,
			"rotation": {"angle": 45, "axis": "x", "origin": [8, 8, 8]},
			"faces": {
				"up": {"uv": [3, 10, 10, 5], "rotation": 180, "texture": "#0"},
				"down": {"uv": [3, 5, 10, 10], "rotation": 180, "texture": "#0"}
			}
		},
		{
			"from": [9, 7.5, 4.5],
			"to": [14, 7.5, 11.5],
			"shade": false,
			"rotation": {"angle": 45, "axis": "z", "origin": [8, 8, 8]},
			"faces": {
				"up": {"uv": [3, 10, 10, 5], "rotation": 270, "texture": "#0"},
				"down": {"uv": [3, 5, 10, 10], "rotation": 90, "texture": "#0"}
			}
		},
		{
			"from": [6.5, 9, 7],
			"to": [9.5, 14, 7],
			"shade": false,
			"rotation": {"angle": -22.5, "axis": "x", "origin": [8, 8, 8]},
			"faces": {
				"north": {"uv": [4, 5, 7, 10], "texture": "#0"},
				"south": {"uv": [4, 10, 7, 5], "rotation": 180, "texture": "#0"}
			}
		},
		{
			"from": [9, 9, 6.5],
			"to": [9, 14, 9.5],
			"shade": false,
			"rotation": {"angle": -22.5, "axis": "z", "origin": [8, 8, 8]},
			"faces": {
				"east": {"uv": [4, 5, 7, 10], "texture": "#0"},
				"west": {"uv": [4, 10, 7, 5], "rotation": 180, "texture": "#0"}
			}
		},
		{
			"from": [6.5, 9, 9],
			"to": [9.5, 14, 9],
			"shade": false,
			"rotation": {"angle": 22.5, "axis": "x", "origin": [8, 8, 8]},
			"faces": {
				"north": {"uv": [4, 10, 7, 5], "rotation": 180, "texture": "#0"},
				"south": {"uv": [4, 5, 7, 10], "texture": "#0"}
			}
		},
		{
			"from": [7, 9, 6.5],
			"to": [7, 14, 9.5],
			"shade": false,
			"rotation": {"angle": 22.5, "axis": "z", "origin": [8, 8, 8]},
			"faces": {
				"east": {"uv": [4, 10, 7, 5], "rotation": 180, "texture": "#0"},
				"west": {"uv": [4, 5, 7, 10], "texture": "#0"}
			}
		},
		{
			"from": [6.5, 9.5, 6],
			"to": [9.5, 12.5, 6],
			"shade": false,
			"rotation": {"angle": 45, "axis": "y", "origin": [8, 6.5, 8]},
			"faces": {
				"north": {"uv": [6, 5, 9, 8], "texture": "#0"},
				"south": {"uv": [6, 8, 9, 5], "rotation": 180, "texture": "#0"}
			}
		},
		{
			"from": [6.5, 9.5, 6],
			"to": [9.5, 12.5, 6],
			"shade": false,
			"rotation": {"angle": -45, "axis": "y", "origin": [8, 6.5, 8]},
			"faces": {
				"north": {"uv": [6, 5, 9, 8], "texture": "#0"},
				"south": {"uv": [6, 8, 9, 5], "rotation": 180, "texture": "#0"}
			}
		},
		{
			"from": [10, 9.5, 6.5],
			"to": [10, 12.5, 9.5],
			"shade": false,
			"rotation": {"angle": -45, "axis": "y", "origin": [8, 6.5, 8]},
			"faces": {
				"east": {"uv": [6, 5, 9, 8], "texture": "#0"},
				"west": {"uv": [6, 8, 9, 5], "rotation": 180, "texture": "#0"}
			}
		},
		{
			"from": [6, 9.5, 6.5],
			"to": [6, 12.5, 9.5],
			"shade": false,
			"rotation": {"angle": 45, "axis": "y", "origin": [8, 6.5, 8]},
			"faces": {
				"east": {"uv": [6, 8, 9, 5], "rotation": 180, "texture": "#0"},
				"west": {"uv": [6, 5, 9, 8], "texture": "#0"}
			}
		},
		{
			"from": [1, 8.2, 4.5],
			"to": [6, 8.2, 11.5],
			"shade": false,
			"rotation": {"angle": -45, "axis": "y", "origin": [8, 8.1, 8]},
			"faces": {
				"up": {"uv": [3, 10, 10, 5], "rotation": 90, "texture": "#0"},
				"down": {"uv": [3, 5, 10, 10], "rotation": 270, "texture": "#0"}
			}
		},
		{
			"from": [4.5, 8.1, 1],
			"to": [11.5, 8.1, 6],
			"shade": false,
			"rotation": {"angle": -45, "axis": "y", "origin": [8, 8.1, 8]},
			"faces": {
				"up": {"uv": [3, 10, 10, 5], "rotation": 180, "texture": "#0"},
				"down": {"uv": [3, 5, 10, 10], "rotation": 180, "texture": "#0"}
			}
		},
		{
			"from": [10, 8.2, 4.5],
			"to": [15, 8.2, 11.5],
			"shade": false,
			"rotation": {"angle": -45, "axis": "y", "origin": [8, 8.1, 8]},
			"faces": {
				"up": {"uv": [3, 10, 10, 5], "rotation": 270, "texture": "#0"},
				"down": {"uv": [3, 5, 10, 10], "rotation": 90, "texture": "#0"}
			}
		},
		{
			"from": [4.5, 8.1, 10],
			"to": [11.5, 8.1, 15],
			"shade": false,
			"rotation": {"angle": -45, "axis": "y", "origin": [8, 8.1, 8]},
			"faces": {
				"up": {"uv": [3, 10, 10, 5], "texture": "#0"},
				"down": {"uv": [3, 5, 10, 10], "texture": "#0"}
			}
		},
		{
			"from": [9, 8.6, 3.5],
			"to": [14, 8.6, 12.5],
			"shade": false,
			"rotation": {"angle": -22.5, "axis": "z", "origin": [8, 8.6, 8]},
			"faces": {
				"up": {"uv": [2, 10, 11, 5], "rotation": 270, "texture": "#0"},
				"down": {"uv": [2, 5, 11, 10], "rotation": 90, "texture": "#0"}
			}
		},
		{
			"from": [3.5, 8.6, 9],
			"to": [12.5, 8.6, 14],
			"shade": false,
			"rotation": {"angle": 22.5, "axis": "x", "origin": [8, 8.6, 8]},
			"faces": {
				"up": {"uv": [2, 10, 11, 5], "texture": "#0"},
				"down": {"uv": [2, 5, 11, 10], "texture": "#0"}
			}
		},
		{
			"from": [2, 8.6, 3.5],
			"to": [7, 8.6, 12.5],
			"shade": false,
			"rotation": {"angle": 22.5, "axis": "z", "origin": [8, 8.6, 8]},
			"faces": {
				"up": {"uv": [2, 10, 11, 5], "rotation": 90, "texture": "#0"},
				"down": {"uv": [2, 5, 11, 10], "rotation": 270, "texture": "#0"}
			}
		},
		{
			"from": [3.5, 8.6, 2],
			"to": [12.5, 8.6, 7],
			"shade": false,
			"rotation": {"angle": -22.5, "axis": "x", "origin": [8, 8.6, 8]},
			"faces": {
				"up": {"uv": [2, 10, 11, 5], "rotation": 180, "texture": "#0"},
				"down": {"uv": [2, 5, 11, 10], "rotation": 180, "texture": "#0"}
			}
		},
		{
			"from": [2, 2.5, 5.5],
			"to": [8, 2.5, 10.5],
			"shade": false,
			"rotation": {"angle": 22.5, "axis": "z", "origin": [8, 2.5, 8]},
			"faces": {
				"up": {"uv": [4, 16, 9, 10], "rotation": 90, "texture": "#0"},
				"down": {"uv": [4, 10, 9, 16], "rotation": 270, "texture": "#0"}
			}
		},
		{
			"from": [5.5, 5.5, 8],
			"to": [10.5, 5.5, 14],
			"shade": false,
			"rotation": {"angle": 45, "axis": "x", "origin": [8, 5.5, 8]},
			"faces": {
				"up": {"uv": [4, 16, 9, 10], "texture": "#0"},
				"down": {"uv": [4, 10, 9, 16], "texture": "#0"}
			}
		},
		{
			"from": [8, -2.5, 5.5],
			"to": [8, 3.5, 10.5],
			"shade": false,
			"rotation": {"angle": 45, "axis": "z", "origin": [8, 3.5, 8]},
			"faces": {
				"east": {"uv": [4, 16, 9, 10], "texture": "#0"},
				"west": {"uv": [4, 10, 9, 16], "rotation": 180, "texture": "#0"}
			}
		},
		{
			"from": [5.5, 6.5, 2],
			"to": [10.5, 6.5, 8],
			"shade": false,
			"rotation": {"angle": -45, "axis": "x", "origin": [8, 6.5, 8]},
			"faces": {
				"up": {"uv": [4, 16, 9, 10], "rotation": 180, "texture": "#0"},
				"down": {"uv": [4, 10, 9, 16], "rotation": 180, "texture": "#0"}
			}
		},
		{
			"from": [8.5, 7.6, 3.5],
			"to": [14.5, 7.6, 12.5],
			"shade": false,
			"rotation": {"angle": -22.5, "axis": "z", "origin": [8, 7.6, 8]},
			"faces": {
				"up": {"uv": [2, 16, 11, 10], "rotation": 270, "texture": "#0"},
				"down": {"uv": [2, 10, 11, 16], "rotation": 90, "texture": "#0"}
			}
		},
		{
			"from": [3.5, 7.6, 8.5],
			"to": [12.5, 7.6, 14.5],
			"shade": false,
			"rotation": {"angle": 22.5, "axis": "x", "origin": [8, 7.6, 8]},
			"faces": {
				"up": {"uv": [2, 16, 11, 10], "texture": "#0"},
				"down": {"uv": [2, 10, 11, 16], "texture": "#0"}
			}
		},
		{
			"from": [1.5, 7.6, 3.5],
			"to": [7.5, 7.6, 12.5],
			"shade": false,
			"rotation": {"angle": 22.5, "axis": "z", "origin": [8, 7.6, 8]},
			"faces": {
				"up": {"uv": [2, 16, 11, 10], "rotation": 90, "texture": "#0"},
				"down": {"uv": [2, 10, 11, 16], "rotation": 270, "texture": "#0"}
			}
		},
		{
			"from": [3.5, 7.6, 1.5],
			"to": [12.5, 7.6, 7.5],
			"shade": false,
			"rotation": {"angle": -22.5, "axis": "x", "origin": [8, 7.6, 8]},
			"faces": {
				"up": {"uv": [2, 16, 11, 10], "rotation": 180, "texture": "#0"},
				"down": {"uv": [2, 10, 11, 16], "rotation": 180, "texture": "#0"}
			}
		}
	]
}