{
	"credit": "Made by XeKr with Blockbench",
	"parent": "minecraft:block/cross",
	"textures": {
		"0": "block/poppy_3dx",
		"particle": "block/poppy_3dx"
	},
	"elements": [
		{
			"from": [9, 7, 10.1],
			"to": [12, 7, 13.1],
			"shade": false,
			"rotation": {"angle": -22.5, "axis": "x", "origin": [10.5, 7, 10.5]},
			"faces": {
				"up": {"uv": [1, 1, 4, 4], "rotation": 180, "texture": "#0"},
				"down": {"uv": [1, 8, 4, 5], "rotation": 180, "texture": "#0"}
			}
		},
		{
			"from": [7.9, 7, 9],
			"to": [10.9, 7, 12],
			"shade": false,
			"rotation": {"angle": -22.5, "axis": "z", "origin": [10.5, 7, 10.5]},
			"faces": {
				"up": {"uv": [1, 1, 4, 4], "rotation": 270, "texture": "#0"},
				"down": {"uv": [1, 8, 4, 5], "rotation": 90, "texture": "#0"}
			}
		},
		{
			"from": [9, 7, 7.9],
			"to": [12, 7, 10.9],
			"shade": false,
			"rotation": {"angle": 22.5, "axis": "x", "origin": [10.5, 7, 10.5]},
			"faces": {
				"up": {"uv": [1, 1, 4, 4], "texture": "#0"},
				"down": {"uv": [1, 8, 4, 5], "texture": "#0"}
			}
		},
		{
			"from": [10.1, 7, 9],
			"to": [13.1, 7, 12],
			"shade": false,
			"rotation": {"angle": 22.5, "axis": "z", "origin": [10.5, 7, 10.5]},
			"faces": {
				"up": {"uv": [1, 1, 4, 4], "rotation": 90, "texture": "#0"},
				"down": {"uv": [1, 8, 4, 5], "rotation": 270, "texture": "#0"}
			}
		},
		{
			"from": [10.5, 0, 8],
			"to": [10.5, 7, 13],
			"shade": false,
			"rotation": {"angle": 22.5, "axis": "y", "origin": [10.5, 3, 10.5]},
			"faces": {
				"east": {"uv": [1, 9, 6, 16], "texture": "#0"},
				"west": {"uv": [1, 9, 6, 16], "texture": "#0"}
			}
		},
		{
			"from": [8, 0, 10.5],
			"to": [13, 7, 10.5],
			"shade": false,
			"rotation": {"angle": 22.5, "axis": "y", "origin": [10.5, 3, 10.5]},
			"faces": {
				"north": {"uv": [1, 9, 6, 16], "texture": "#0"},
				"south": {"uv": [1, 9, 6, 16], "texture": "#0"}
			}
		},
		{
			"from": [9.5, 7.4, 9.5],
			"to": [11.5, 7.4, 11.5],
			"rotation": {"angle": 0, "axis": "y", "origin": [9, 5.7, 9]},
			"faces": {
				"up": {"uv": [14, 0, 16, 2], "texture": "#0"}
			}
		},
		{
			"from": [4, 8, 9.1],
			"to": [7, 8, 12.1],
			"shade": false,
			"rotation": {"angle": -22.5, "axis": "x", "origin": [5.5, 8, 9.5]},
			"faces": {
				"up": {"uv": [1, 1, 4, 4], "rotation": 180, "texture": "#0"},
				"down": {"uv": [1, 8, 4, 5], "rotation": 180, "texture": "#0"}
			}
		},
		{
			"from": [2.9, 8, 8],
			"to": [5.9, 8, 11],
			"shade": false,
			"rotation": {"angle": -22.5, "axis": "z", "origin": [5.5, 8, 9.5]},
			"faces": {
				"up": {"uv": [1, 1, 4, 4], "rotation": 270, "texture": "#0"},
				"down": {"uv": [1, 8, 4, 5], "rotation": 90, "texture": "#0"}
			}
		},
		{
			"from": [4, 8, 6.9],
			"to": [7, 8, 9.9],
			"shade": false,
			"rotation": {"angle": 22.5, "axis": "x", "origin": [5.5, 8, 9.5]},
			"faces": {
				"up": {"uv": [1, 1, 4, 4], "texture": "#0"},
				"down": {"uv": [1, 8, 4, 5], "texture": "#0"}
			}
		},
		{
			"from": [5.1, 8, 8],
			"to": [8.1, 8, 11],
			"shade": false,
			"rotation": {"angle": 22.5, "axis": "z", "origin": [5.5, 8, 9.5]},
			"faces": {
				"up": {"uv": [1, 1, 4, 4], "rotation": 90, "texture": "#0"},
				"down": {"uv": [1, 8, 4, 5], "rotation": 270, "texture": "#0"}
			}
		},
		{
			"from": [5.5, 0, 7],
			"to": [5.5, 8, 12],
			"shade": false,
			"rotation": {"angle": 45, "axis": "y", "origin": [5.5, 4, 9.5]},
			"faces": {
				"east": {"uv": [1, 8, 6, 16], "texture": "#0"},
				"west": {"uv": [1, 8, 6, 16], "texture": "#0"}
			}
		},
		{
			"from": [3, 0, 9.5],
			"to": [8, 8, 9.5],
			"shade": false,
			"rotation": {"angle": 45, "axis": "y", "origin": [5.5, 4, 9.5]},
			"faces": {
				"north": {"uv": [1, 8, 6, 16], "texture": "#0"},
				"south": {"uv": [1, 8, 6, 16], "texture": "#0"}
			}
		},
		{
			"from": [4.5, 8.4, 8.5],
			"to": [6.5, 8.4, 10.5],
			"rotation": {"angle": 0, "axis": "y", "origin": [4, 6.7, 8]},
			"faces": {
				"up": {"uv": [14, 0, 16, 2], "texture": "#0"}
			}
		},
		{
			"from": [8, 6, 5.1],
			"to": [11, 6, 8.1],
			"shade": false,
			"rotation": {"angle": -22.5, "axis": "x", "origin": [9.5, 6, 5.5]},
			"faces": {
				"up": {"uv": [6, 1, 9, 4], "rotation": 180, "texture": "#0"},
				"down": {"uv": [6, 8, 9, 5], "rotation": 180, "texture": "#0"}
			}
		},
		{
			"from": [6.9, 6, 4],
			"to": [9.9, 6, 7],
			"shade": false,
			"rotation": {"angle": -22.5, "axis": "z", "origin": [9.5, 6, 5.5]},
			"faces": {
				"up": {"uv": [6, 1, 9, 4], "rotation": 270, "texture": "#0"},
				"down": {"uv": [6, 8, 9, 5], "rotation": 90, "texture": "#0"}
			}
		},
		{
			"from": [8, 6, 2.9],
			"to": [11, 6, 5.9],
			"shade": false,
			"rotation": {"angle": 22.5, "axis": "x", "origin": [9.5, 6, 5.5]},
			"faces": {
				"up": {"uv": [6, 1, 9, 4], "texture": "#0"},
				"down": {"uv": [6, 8, 9, 5], "texture": "#0"}
			}
		},
		{
			"from": [9.1, 6, 4],
			"to": [12.1, 6, 7],
			"shade": false,
			"rotation": {"angle": 22.5, "axis": "z", "origin": [9.5, 6, 5.5]},
			"faces": {
				"up": {"uv": [6, 1, 9, 4], "rotation": 90, "texture": "#0"},
				"down": {"uv": [6, 8, 9, 5], "rotation": 270, "texture": "#0"}
			}
		},
		{
			"from": [9.5, 0, 3],
			"to": [9.5, 6, 8],
			"shade": false,
			"rotation": {"angle": 0, "axis": "y", "origin": [9.5, 2, 5.5]},
			"faces": {
				"east": {"uv": [1, 9, 6, 15], "texture": "#0"},
				"west": {"uv": [1, 9, 6, 15], "texture": "#0"}
			}
		},
		{
			"from": [7, 0, 5.5],
			"to": [12, 6, 5.5],
			"shade": false,
			"rotation": {"angle": 0, "axis": "y", "origin": [9.5, 2, 5.5]},
			"faces": {
				"north": {"uv": [1, 9, 6, 15], "texture": "#0"},
				"south": {"uv": [1, 9, 6, 15], "texture": "#0"}
			}
		},
		{
			"from": [8.5, 6.4, 4.5],
			"to": [10.5, 6.4, 6.5],
			"rotation": {"angle": 0, "axis": "y", "origin": [8, 4.7, 4]},
			"faces": {
				"up": {"uv": [14, 0, 16, 2], "texture": "#0"}
			}
		}
	]
}