{
	"credit": "Made by XeKr with Blockbench",
	"parent": "minecraft:block/cross",
	"textures": {
		"0": "block/poppy_3dx",
		"particle": "block/poppy_3dx"
	},
	"elements": [
		{
			"from": [3.5, 8, 4.4],
			"to": [8.5, 8, 6.4],
			"shade": false,
			"rotation": {"angle": 22.5, "axis": "x", "origin": [6, 8, 6]},
			"faces": {
				"up": {"uv": [5, 2, 10, 4], "texture": "#0"},
				"down": {"uv": [5, 8, 10, 6], "texture": "#0"}
			}
		},
		{
			"from": [3.5, 7.4, 2.6],
			"to": [8.5, 7.4, 4.6],
			"shade": false,
			"rotation": {"angle": 45, "axis": "x", "origin": [6, 8, 6]},
			"faces": {
				"up": {"uv": [5, 0, 10, 2], "texture": "#0"},
				"down": {"uv": [5, 6, 10, 4], "texture": "#0"}
			}
		},
		{
			"from": [7.4, 7.4, 3.5],
			"to": [9.4, 7.4, 8.5],
			"shade": false,
			"rotation": {"angle": 45, "axis": "z", "origin": [6, 8, 6]},
			"faces": {
				"up": {"uv": [5, 0, 10, 2], "rotation": 90, "texture": "#0"},
				"down": {"uv": [5, 6, 10, 4], "rotation": 270, "texture": "#0"}
			}
		},
		{
			"from": [5.6, 8, 3.5],
			"to": [7.6, 8, 8.5],
			"shade": false,
			"rotation": {"angle": 22.5, "axis": "z", "origin": [6, 8, 6]},
			"faces": {
				"up": {"uv": [5, 2, 10, 4], "rotation": 90, "texture": "#0"},
				"down": {"uv": [5, 8, 10, 6], "rotation": 270, "texture": "#0"}
			}
		},
		{
			"from": [3.5, 7.4, 7.4],
			"to": [8.5, 7.4, 9.4],
			"shade": false,
			"rotation": {"angle": -45, "axis": "x", "origin": [6, 8, 6]},
			"faces": {
				"up": {"uv": [5, 0, 10, 2], "rotation": 180, "texture": "#0"},
				"down": {"uv": [5, 6, 10, 4], "rotation": 180, "texture": "#0"}
			}
		},
		{
			"from": [3.5, 8, 5.6],
			"to": [8.5, 8, 7.6],
			"shade": false,
			"rotation": {"angle": -22.5, "axis": "x", "origin": [6, 8, 6]},
			"faces": {
				"up": {"uv": [5, 2, 10, 4], "rotation": 180, "texture": "#0"},
				"down": {"uv": [5, 8, 10, 6], "rotation": 180, "texture": "#0"}
			}
		},
		{
			"from": [9.5, 7, 10.6],
			"to": [12.5, 7, 13.6],
			"shade": false,
			"rotation": {"angle": -22.5, "axis": "x", "origin": [11, 7, 11]},
			"faces": {
				"up": {"uv": [1, 1, 4, 4], "rotation": 180, "texture": "#0"},
				"down": {"uv": [1, 8, 4, 5], "rotation": 180, "texture": "#0"}
			}
		},
		{
			"from": [8.4, 7, 9.5],
			"to": [11.4, 7, 12.5],
			"shade": false,
			"rotation": {"angle": -22.5, "axis": "z", "origin": [11, 7, 11]},
			"faces": {
				"up": {"uv": [1, 1, 4, 4], "rotation": 270, "texture": "#0"},
				"down": {"uv": [1, 8, 4, 5], "rotation": 90, "texture": "#0"}
			}
		},
		{
			"from": [9.5, 7, 8.4],
			"to": [12.5, 7, 11.4],
			"shade": false,
			"rotation": {"angle": 22.5, "axis": "x", "origin": [11, 7, 11]},
			"faces": {
				"up": {"uv": [1, 1, 4, 4], "texture": "#0"},
				"down": {"uv": [1, 8, 4, 5], "texture": "#0"}
			}
		},
		{
			"from": [10.6, 7, 9.5],
			"to": [13.6, 7, 12.5],
			"shade": false,
			"rotation": {"angle": 22.5, "axis": "z", "origin": [11, 7, 11]},
			"faces": {
				"up": {"uv": [1, 1, 4, 4], "rotation": 90, "texture": "#0"},
				"down": {"uv": [1, 8, 4, 5], "rotation": 270, "texture": "#0"}
			}
		},
		{
			"from": [2.6, 7.4, 3.5],
			"to": [4.6, 7.4, 8.5],
			"shade": false,
			"rotation": {"angle": -45, "axis": "z", "origin": [6, 8, 6]},
			"faces": {
				"up": {"uv": [5, 0, 10, 2], "rotation": 270, "texture": "#0"},
				"down": {"uv": [5, 6, 10, 4], "rotation": 90, "texture": "#0"}
			}
		},
		{
			"from": [4.4, 8, 3.5],
			"to": [6.4, 8, 8.5],
			"shade": false,
			"rotation": {"angle": -22.5, "axis": "z", "origin": [6, 8, 6]},
			"faces": {
				"up": {"uv": [5, 2, 10, 4], "rotation": 270, "texture": "#0"},
				"down": {"uv": [5, 8, 10, 6], "rotation": 90, "texture": "#0"}
			}
		},
		{
			"from": [5, 8.4, 5],
			"to": [7, 8.4, 7],
			"rotation": {"angle": 0, "axis": "y", "origin": [4.5, 6.7, 4.5]},
			"faces": {
				"up": {"uv": [14, 0, 16, 2], "texture": "#0"}
			}
		},
		{
			"from": [2.5, 0, 6],
			"to": [9.5, 8, 6],
			"shade": false,
			"rotation": {"angle": -22.5, "axis": "y", "origin": [6, 3, 6]},
			"faces": {
				"north": {"uv": [0, 8, 7, 16], "texture": "#0"},
				"south": {"uv": [0, 8, 7, 16], "texture": "#0"}
			}
		},
		{
			"from": [6, 0, 2.5],
			"to": [6, 8, 9.5],
			"shade": false,
			"rotation": {"angle": -22.5, "axis": "y", "origin": [6, 3, 6]},
			"faces": {
				"east": {"uv": [0, 8, 7, 16], "texture": "#0"},
				"west": {"uv": [0, 8, 7, 16], "texture": "#0"}
			}
		},
		{
			"from": [11, 0, 8.5],
			"to": [11, 7, 13.5],
			"shade": false,
			"rotation": {"angle": 22.5, "axis": "y", "origin": [11, 3, 11]},
			"faces": {
				"east": {"uv": [1, 9, 6, 16], "texture": "#0"},
				"west": {"uv": [1, 9, 6, 16], "texture": "#0"}
			}
		},
		{
			"from": [8.5, 0, 11],
			"to": [13.5, 7, 11],
			"shade": false,
			"rotation": {"angle": 22.5, "axis": "y", "origin": [11, 3, 11]},
			"faces": {
				"north": {"uv": [1, 9, 6, 16], "texture": "#0"},
				"south": {"uv": [1, 9, 6, 16], "texture": "#0"}
			}
		},
		{
			"from": [10, 7.4, 10],
			"to": [12, 7.4, 12],
			"rotation": {"angle": 0, "axis": "y", "origin": [9.5, 5.7, 9.5]},
			"faces": {
				"up": {"uv": [14, 0, 16, 2], "texture": "#0"}
			}
		}
	]
}