{
	"credit": "Made by XeKr with Blockbench",
	"parent": "minecraft:block/cross",
	"textures": {
		"0": "block/rose_bush_3dx",
		"particle": "block/rose_bush_3dx"
	},
	"elements": [
		{
			"from": [8, 0, 5.5],
			"to": [8, 7, 10.5],
			"shade": false,
			"rotation": {"angle": 45, "axis": "y", "origin": [8, 0, 8]},
			"faces": {
				"east": {"uv": [5, 3, 10, 10], "texture": "#0"},
				"west": {"uv": [5, 3, 10, 10], "texture": "#0"}
			}
		},
		{
			"from": [5.5, 0, 8],
			"to": [10.5, 7, 8],
			"shade": false,
			"rotation": {"angle": 45, "axis": "y", "origin": [8, 0, 8]},
			"faces": {
				"north": {"uv": [5, 3, 10, 10], "texture": "#0"},
				"south": {"uv": [5, 3, 10, 10], "texture": "#0"}
			}
		},
		{
			"from": [12, 0, 2.5],
			"to": [12, 10, 7.5],
			"shade": false,
			"rotation": {"angle": 22.5, "axis": "y", "origin": [12, 0, 5]},
			"faces": {
				"east": {"uv": [5, 0, 10, 10], "texture": "#0"},
				"west": {"uv": [5, 0, 10, 10], "texture": "#0"}
			}
		},
		{
			"from": [9.5, 0, 5],
			"to": [14.5, 10, 5],
			"shade": false,
			"rotation": {"angle": 22.5, "axis": "y", "origin": [12, 0, 5]},
			"faces": {
				"north": {"uv": [5, 0, 10, 10], "texture": "#0"},
				"south": {"uv": [5, 0, 10, 10], "texture": "#0"}
			}
		},
		{
			"from": [11, 0, 9.5],
			"to": [11, 8, 14.5],
			"shade": false,
			"rotation": {"angle": -22.5, "axis": "y", "origin": [11, 0, 12]},
			"faces": {
				"east": {"uv": [5, 0, 10, 8], "texture": "#0"},
				"west": {"uv": [5, 0, 10, 8], "texture": "#0"}
			}
		},
		{
			"from": [8.5, 0, 12],
			"to": [13.5, 8, 12],
			"shade": false,
			"rotation": {"angle": -22.5, "axis": "y", "origin": [11, 0, 12]},
			"faces": {
				"north": {"uv": [5, 0, 10, 8], "texture": "#0"},
				"south": {"uv": [5, 0, 10, 8], "texture": "#0"}
			}
		},
		{
			"from": [4, 0, 8.5],
			"to": [4, 10, 13.5],
			"shade": false,
			"rotation": {"angle": 22.5, "axis": "y", "origin": [4, 0, 11]},
			"faces": {
				"east": {"uv": [5, 0, 10, 10], "texture": "#0"},
				"west": {"uv": [5, 0, 10, 10], "texture": "#0"}
			}
		},
		{
			"from": [1.5, 0, 11],
			"to": [6.5, 10, 11],
			"shade": false,
			"rotation": {"angle": 22.5, "axis": "y", "origin": [4, 0, 11]},
			"faces": {
				"north": {"uv": [5, 0, 10, 10], "texture": "#0"},
				"south": {"uv": [5, 0, 10, 10], "texture": "#0"}
			}
		},
		{
			"from": [5, 0, 1.5],
			"to": [5, 10, 6.5],
			"shade": false,
			"rotation": {"angle": -22.5, "axis": "y", "origin": [5, 0, 4]},
			"faces": {
				"east": {"uv": [5, 0, 10, 10], "texture": "#0"},
				"west": {"uv": [5, 0, 10, 10], "texture": "#0"}
			}
		},
		{
			"from": [2.5, 0, 4],
			"to": [7.5, 10, 4],
			"shade": false,
			"rotation": {"angle": -22.5, "axis": "y", "origin": [5, 0, 4]},
			"faces": {
				"north": {"uv": [5, 0, 10, 10], "texture": "#0"},
				"south": {"uv": [5, 0, 10, 10], "texture": "#0"}
			}
		},
		{
			"from": [10.7, 11, 3.3],
			"to": [10.7, 13, 6.3],
			"shade": false,
			"rotation": {"angle": 0, "axis": "y", "origin": [12, 13, 5]},
			"faces": {
				"east": {"uv": [13, 3, 16, 5], "texture": "#0"},
				"west": {"uv": [13, 3, 16, 5], "texture": "#0"}
			}
		},
		{
			"from": [10.3, 11, 6.3],
			"to": [13.3, 13, 6.3],
			"shade": false,
			"rotation": {"angle": 0, "axis": "y", "origin": [12, 13, 5]},
			"faces": {
				"north": {"uv": [13, 3, 16, 5], "texture": "#0"},
				"south": {"uv": [13, 3, 16, 5], "texture": "#0"}
			}
		},
		{
			"from": [10.7, 9.6, 5],
			"to": [13.7, 11.6, 5],
			"shade": false,
			"rotation": {"angle": -45, "axis": "x", "origin": [12, 9.7, 5]},
			"faces": {
				"north": {"uv": [13, 5, 16, 7], "texture": "#0"},
				"south": {"uv": [13, 5, 16, 7], "texture": "#0"}
			}
		},
		{
			"from": [12, 9.6, 3.3],
			"to": [12, 11.6, 6.3],
			"shade": false,
			"rotation": {"angle": 45, "axis": "z", "origin": [12, 9.7, 5]},
			"faces": {
				"east": {"uv": [13, 5, 16, 7], "texture": "#0"},
				"west": {"uv": [13, 5, 16, 7], "texture": "#0"}
			}
		},
		{
			"from": [10.3, 9.6, 5],
			"to": [13.3, 11.6, 5],
			"shade": false,
			"rotation": {"angle": 45, "axis": "x", "origin": [12, 9.7, 5]},
			"faces": {
				"north": {"uv": [13, 5, 16, 7], "texture": "#0"},
				"south": {"uv": [13, 5, 16, 7], "texture": "#0"}
			}
		},
		{
			"from": [12, 9.6, 3.7],
			"to": [12, 11.6, 6.7],
			"shade": false,
			"rotation": {"angle": -45, "axis": "z", "origin": [12, 9.7, 5]},
			"faces": {
				"east": {"uv": [13, 5, 16, 7], "texture": "#0"},
				"west": {"uv": [13, 5, 16, 7], "texture": "#0"}
			}
		},
		{
			"from": [12.2, 11, 3.7],
			"to": [13.2, 13, 3.7],
			"shade": false,
			"rotation": {"angle": 22.5, "axis": "y", "origin": [12, 13, 5]},
			"faces": {
				"north": {"uv": [14, 4, 15, 6], "texture": "#0"},
				"south": {"uv": [14, 4, 15, 6], "texture": "#0"}
			}
		},
		{
			"from": [10.7, 11, 3.8],
			"to": [10.7, 13, 4.8],
			"shade": false,
			"rotation": {"angle": 22.5, "axis": "y", "origin": [12, 13, 5]},
			"faces": {
				"east": {"uv": [14, 4, 15, 6], "texture": "#0"},
				"west": {"uv": [14, 4, 15, 6], "texture": "#0"}
			}
		},
		{
			"from": [10.8, 11, 6.3],
			"to": [11.8, 13, 6.3],
			"shade": false,
			"rotation": {"angle": 22.5, "axis": "y", "origin": [12, 13, 5]},
			"faces": {
				"north": {"uv": [14, 4, 15, 6], "texture": "#0"},
				"south": {"uv": [14, 4, 15, 6], "texture": "#0"}
			}
		},
		{
			"from": [13.3, 11, 5.2],
			"to": [13.3, 13, 6.2],
			"shade": false,
			"rotation": {"angle": 22.5, "axis": "y", "origin": [12, 13, 5]},
			"faces": {
				"east": {"uv": [14, 4, 15, 6], "texture": "#0"},
				"west": {"uv": [14, 4, 15, 6], "texture": "#0"}
			}
		},
		{
			"from": [13.3, 11, 3.7],
			"to": [13.3, 13, 6.7],
			"shade": false,
			"rotation": {"angle": 0, "axis": "y", "origin": [12, 13, 5]},
			"faces": {
				"east": {"uv": [13, 3, 16, 5], "texture": "#0"},
				"west": {"uv": [13, 3, 16, 5], "texture": "#0"}
			}
		},
		{
			"from": [10.7, 11, 3.7],
			"to": [13.7, 13, 3.7],
			"shade": false,
			"rotation": {"angle": 0, "axis": "y", "origin": [12, 13, 5]},
			"faces": {
				"north": {"uv": [13, 3, 16, 5], "texture": "#0"},
				"south": {"uv": [13, 3, 16, 5], "texture": "#0"}
			}
		},
		{
			"from": [10.7, 12.5, 3.7],
			"to": [13.3, 12.5, 6.3],
			"shade": false,
			"rotation": {"angle": 0, "axis": "y", "origin": [12, 8.5, 5]},
			"faces": {
				"up": {"uv": [13, 0, 16, 3], "texture": "#0"},
				"down": {"uv": [13, 0, 16, 3], "texture": "#0"}
			}
		},
		{
			"from": [12.43, 12.5, 4.57],
			"to": [12.43, 13, 5.44],
			"shade": false,
			"rotation": {"angle": 0, "axis": "y", "origin": [12, 13, 5]},
			"faces": {
				"east": {"uv": [13, 3, 14, 4], "texture": "#0"},
				"west": {"uv": [13, 3, 14, 4], "texture": "#0"}
			}
		},
		{
			"from": [10.7, 12.5, 4.57],
			"to": [12.43, 13, 4.57],
			"shade": false,
			"rotation": {"angle": 0, "axis": "y", "origin": [12, 13, 5]},
			"faces": {
				"north": {"uv": [13, 3, 15, 4], "texture": "#0"},
				"south": {"uv": [13, 3, 15, 4], "texture": "#0"}
			}
		},
		{
			"from": [11.56, 12.5, 5.43],
			"to": [12.43, 13, 5.43],
			"shade": false,
			"rotation": {"angle": 0, "axis": "y", "origin": [12, 13, 5]},
			"faces": {
				"north": {"uv": [13, 3, 14, 4], "texture": "#0"},
				"south": {"uv": [13, 3, 14, 4], "texture": "#0"}
			}
		},
		{
			"from": [3.7, 9, 2.3],
			"to": [3.7, 11, 5.3],
			"shade": false,
			"rotation": {"angle": 0, "axis": "y", "origin": [5, 11, 4]},
			"faces": {
				"east": {"uv": [13, 3, 16, 5], "texture": "#0"},
				"west": {"uv": [13, 3, 16, 5], "texture": "#0"}
			}
		},
		{
			"from": [3.3, 9, 5.3],
			"to": [6.3, 11, 5.3],
			"shade": false,
			"rotation": {"angle": 0, "axis": "y", "origin": [5, 11, 4]},
			"faces": {
				"north": {"uv": [13, 3, 16, 5], "texture": "#0"},
				"south": {"uv": [13, 3, 16, 5], "texture": "#0"}
			}
		},
		{
			"from": [3.7, 7.6, 4],
			"to": [6.7, 9.6, 4],
			"shade": false,
			"rotation": {"angle": -45, "axis": "x", "origin": [5, 7.7, 4]},
			"faces": {
				"north": {"uv": [13, 5, 16, 7], "texture": "#0"},
				"south": {"uv": [13, 5, 16, 7], "texture": "#0"}
			}
		},
		{
			"from": [5, 7.6, 2.3],
			"to": [5, 9.6, 5.3],
			"shade": false,
			"rotation": {"angle": 45, "axis": "z", "origin": [5, 7.7, 4]},
			"faces": {
				"east": {"uv": [13, 5, 16, 7], "texture": "#0"},
				"west": {"uv": [13, 5, 16, 7], "texture": "#0"}
			}
		},
		{
			"from": [3.3, 7.6, 4],
			"to": [6.3, 9.6, 4],
			"shade": false,
			"rotation": {"angle": 45, "axis": "x", "origin": [5, 7.7, 4]},
			"faces": {
				"north": {"uv": [13, 5, 16, 7], "texture": "#0"},
				"south": {"uv": [13, 5, 16, 7], "texture": "#0"}
			}
		},
		{
			"from": [5, 7.6, 2.7],
			"to": [5, 9.6, 5.7],
			"shade": false,
			"rotation": {"angle": -45, "axis": "z", "origin": [5, 7.7, 4]},
			"faces": {
				"east": {"uv": [13, 5, 16, 7], "texture": "#0"},
				"west": {"uv": [13, 5, 16, 7], "texture": "#0"}
			}
		},
		{
			"from": [5.2, 9, 2.7],
			"to": [6.2, 11, 2.7],
			"shade": false,
			"rotation": {"angle": 22.5, "axis": "y", "origin": [5, 11, 4]},
			"faces": {
				"north": {"uv": [14, 4, 15, 6], "texture": "#0"},
				"south": {"uv": [14, 4, 15, 6], "texture": "#0"}
			}
		},
		{
			"from": [3.7, 9, 2.8],
			"to": [3.7, 11, 3.8],
			"shade": false,
			"rotation": {"angle": 22.5, "axis": "y", "origin": [5, 11, 4]},
			"faces": {
				"east": {"uv": [14, 4, 15, 6], "texture": "#0"},
				"west": {"uv": [14, 4, 15, 6], "texture": "#0"}
			}
		},
		{
			"from": [3.8, 9, 5.3],
			"to": [4.8, 11, 5.3],
			"shade": false,
			"rotation": {"angle": 22.5, "axis": "y", "origin": [5, 11, 4]},
			"faces": {
				"north": {"uv": [14, 4, 15, 6], "texture": "#0"},
				"south": {"uv": [14, 4, 15, 6], "texture": "#0"}
			}
		},
		{
			"from": [6.3, 9, 4.2],
			"to": [6.3, 11, 5.2],
			"shade": false,
			"rotation": {"angle": 22.5, "axis": "y", "origin": [5, 11, 4]},
			"faces": {
				"east": {"uv": [14, 4, 15, 6], "texture": "#0"},
				"west": {"uv": [14, 4, 15, 6], "texture": "#0"}
			}
		},
		{
			"from": [6.3, 9, 2.7],
			"to": [6.3, 11, 5.7],
			"shade": false,
			"rotation": {"angle": 0, "axis": "y", "origin": [5, 11, 4]},
			"faces": {
				"east": {"uv": [13, 3, 16, 5], "texture": "#0"},
				"west": {"uv": [13, 3, 16, 5], "texture": "#0"}
			}
		},
		{
			"from": [3.7, 9, 2.7],
			"to": [6.7, 11, 2.7],
			"shade": false,
			"rotation": {"angle": 0, "axis": "y", "origin": [5, 11, 4]},
			"faces": {
				"north": {"uv": [13, 3, 16, 5], "texture": "#0"},
				"south": {"uv": [13, 3, 16, 5], "texture": "#0"}
			}
		},
		{
			"from": [3.7, 10.5, 2.7],
			"to": [6.3, 10.5, 5.3],
			"shade": false,
			"rotation": {"angle": 0, "axis": "y", "origin": [5, 6.5, 4]},
			"faces": {
				"up": {"uv": [13, 0, 16, 3], "texture": "#0"},
				"down": {"uv": [13, 0, 16, 3], "texture": "#0"}
			}
		},
		{
			"from": [5.43, 10.5, 3.57],
			"to": [5.43, 11, 4.44],
			"shade": false,
			"rotation": {"angle": 0, "axis": "y", "origin": [5, 11, 4]},
			"faces": {
				"east": {"uv": [13, 3, 14, 4], "texture": "#0"},
				"west": {"uv": [13, 3, 14, 4], "texture": "#0"}
			}
		},
		{
			"from": [3.7, 10.5, 3.57],
			"to": [5.43, 11, 3.57],
			"shade": false,
			"rotation": {"angle": 0, "axis": "y", "origin": [5, 11, 4]},
			"faces": {
				"north": {"uv": [13, 3, 15, 4], "texture": "#0"},
				"south": {"uv": [13, 3, 15, 4], "texture": "#0"}
			}
		},
		{
			"from": [4.56, 10.5, 4.43],
			"to": [5.43, 11, 4.43],
			"shade": false,
			"rotation": {"angle": 0, "axis": "y", "origin": [5, 11, 4]},
			"faces": {
				"north": {"uv": [13, 3, 14, 4], "texture": "#0"},
				"south": {"uv": [13, 3, 14, 4], "texture": "#0"}
			}
		},
		{
			"from": [6.7, 7, 6.3],
			"to": [6.7, 9, 9.3],
			"shade": false,
			"rotation": {"angle": 0, "axis": "y", "origin": [8, 9, 8]},
			"faces": {
				"east": {"uv": [13, 3, 16, 5], "texture": "#0"},
				"west": {"uv": [13, 3, 16, 5], "texture": "#0"}
			}
		},
		{
			"from": [6.3, 7, 9.3],
			"to": [9.3, 9, 9.3],
			"shade": false,
			"rotation": {"angle": 0, "axis": "y", "origin": [8, 9, 8]},
			"faces": {
				"north": {"uv": [13, 3, 16, 5], "texture": "#0"},
				"south": {"uv": [13, 3, 16, 5], "texture": "#0"}
			}
		},
		{
			"from": [6.7, 5.6, 8],
			"to": [9.7, 7.6, 8],
			"shade": false,
			"rotation": {"angle": -45, "axis": "x", "origin": [8, 5.7, 8]},
			"faces": {
				"north": {"uv": [13, 5, 16, 7], "texture": "#0"},
				"south": {"uv": [13, 5, 16, 7], "texture": "#0"}
			}
		},
		{
			"from": [8, 5.6, 6.3],
			"to": [8, 7.6, 9.3],
			"shade": false,
			"rotation": {"angle": 45, "axis": "z", "origin": [8, 5.7, 8]},
			"faces": {
				"east": {"uv": [13, 5, 16, 7], "texture": "#0"},
				"west": {"uv": [13, 5, 16, 7], "texture": "#0"}
			}
		},
		{
			"from": [6.3, 5.6, 8],
			"to": [9.3, 7.6, 8],
			"shade": false,
			"rotation": {"angle": 45, "axis": "x", "origin": [8, 5.7, 8]},
			"faces": {
				"north": {"uv": [13, 5, 16, 7], "texture": "#0"},
				"south": {"uv": [13, 5, 16, 7], "texture": "#0"}
			}
		},
		{
			"from": [8, 5.6, 6.7],
			"to": [8, 7.6, 9.7],
			"shade": false,
			"rotation": {"angle": -45, "axis": "z", "origin": [8, 5.7, 8]},
			"faces": {
				"east": {"uv": [13, 5, 16, 7], "texture": "#0"},
				"west": {"uv": [13, 5, 16, 7], "texture": "#0"}
			}
		},
		{
			"from": [8.2, 7, 6.7],
			"to": [9.2, 9, 6.7],
			"shade": false,
			"rotation": {"angle": 22.5, "axis": "y", "origin": [8, 9, 8]},
			"faces": {
				"north": {"uv": [14, 4, 15, 6], "texture": "#0"},
				"south": {"uv": [14, 4, 15, 6], "texture": "#0"}
			}
		},
		{
			"from": [6.7, 7, 6.8],
			"to": [6.7, 9, 7.8],
			"shade": false,
			"rotation": {"angle": 22.5, "axis": "y", "origin": [8, 9, 8]},
			"faces": {
				"east": {"uv": [14, 4, 15, 6], "texture": "#0"},
				"west": {"uv": [14, 4, 15, 6], "texture": "#0"}
			}
		},
		{
			"from": [6.8, 7, 9.3],
			"to": [7.8, 9, 9.3],
			"shade": false,
			"rotation": {"angle": 22.5, "axis": "y", "origin": [8, 9, 8]},
			"faces": {
				"north": {"uv": [14, 4, 15, 6], "texture": "#0"},
				"south": {"uv": [14, 4, 15, 6], "texture": "#0"}
			}
		},
		{
			"from": [9.3, 7, 8.2],
			"to": [9.3, 9, 9.2],
			"shade": false,
			"rotation": {"angle": 22.5, "axis": "y", "origin": [8, 9, 8]},
			"faces": {
				"east": {"uv": [14, 4, 15, 6], "texture": "#0"},
				"west": {"uv": [14, 4, 15, 6], "texture": "#0"}
			}
		},
		{
			"from": [9.3, 7, 6.7],
			"to": [9.3, 9, 9.7],
			"shade": false,
			"rotation": {"angle": 0, "axis": "y", "origin": [8, 9, 8]},
			"faces": {
				"east": {"uv": [13, 3, 16, 5], "texture": "#0"},
				"west": {"uv": [13, 3, 16, 5], "texture": "#0"}
			}
		},
		{
			"from": [6.7, 7, 6.7],
			"to": [9.7, 9, 6.7],
			"shade": false,
			"rotation": {"angle": 0, "axis": "y", "origin": [8, 9, 8]},
			"faces": {
				"north": {"uv": [13, 3, 16, 5], "texture": "#0"},
				"south": {"uv": [13, 3, 16, 5], "texture": "#0"}
			}
		},
		{
			"from": [6.7, 8.5, 6.7],
			"to": [9.3, 8.5, 9.3],
			"shade": false,
			"rotation": {"angle": 0, "axis": "y", "origin": [8, 4.5, 8]},
			"faces": {
				"up": {"uv": [13, 0, 16, 3], "texture": "#0"},
				"down": {"uv": [13, 0, 16, 3], "texture": "#0"}
			}
		},
		{
			"from": [8.43, 8.5, 7.57],
			"to": [8.43, 9, 8.44],
			"shade": false,
			"rotation": {"angle": 0, "axis": "y", "origin": [8, 9, 8]},
			"faces": {
				"east": {"uv": [13, 3, 14, 4], "texture": "#0"},
				"west": {"uv": [13, 3, 14, 4], "texture": "#0"}
			}
		},
		{
			"from": [6.7, 8.5, 7.57],
			"to": [8.43, 9, 7.57],
			"shade": false,
			"rotation": {"angle": 0, "axis": "y", "origin": [8, 9, 8]},
			"faces": {
				"north": {"uv": [13, 3, 15, 4], "texture": "#0"},
				"south": {"uv": [13, 3, 15, 4], "texture": "#0"}
			}
		},
		{
			"from": [7.56, 8.5, 8.43],
			"to": [8.43, 9, 8.43],
			"shade": false,
			"rotation": {"angle": 0, "axis": "y", "origin": [8, 9, 8]},
			"faces": {
				"north": {"uv": [13, 3, 14, 4], "texture": "#0"},
				"south": {"uv": [13, 3, 14, 4], "texture": "#0"}
			}
		},
		{
			"from": [9.7, 8, 10.3],
			"to": [9.7, 10, 13.3],
			"shade": false,
			"rotation": {"angle": 0, "axis": "y", "origin": [11, 10, 12]},
			"faces": {
				"east": {"uv": [13, 3, 16, 5], "texture": "#0"},
				"west": {"uv": [13, 3, 16, 5], "texture": "#0"}
			}
		},
		{
			"from": [9.3, 8, 13.3],
			"to": [12.3, 10, 13.3],
			"shade": false,
			"rotation": {"angle": 0, "axis": "y", "origin": [11, 10, 12]},
			"faces": {
				"north": {"uv": [13, 3, 16, 5], "texture": "#0"},
				"south": {"uv": [13, 3, 16, 5], "texture": "#0"}
			}
		},
		{
			"from": [9.7, 6.6, 12],
			"to": [12.7, 8.6, 12],
			"shade": false,
			"rotation": {"angle": -45, "axis": "x", "origin": [11, 6.7, 12]},
			"faces": {
				"north": {"uv": [13, 5, 16, 7], "texture": "#0"},
				"south": {"uv": [13, 5, 16, 7], "texture": "#0"}
			}
		},
		{
			"from": [11, 6.6, 10.3],
			"to": [11, 8.6, 13.3],
			"shade": false,
			"rotation": {"angle": 45, "axis": "z", "origin": [11, 6.7, 12]},
			"faces": {
				"east": {"uv": [13, 5, 16, 7], "texture": "#0"},
				"west": {"uv": [13, 5, 16, 7], "texture": "#0"}
			}
		},
		{
			"from": [9.3, 6.6, 12],
			"to": [12.3, 8.6, 12],
			"shade": false,
			"rotation": {"angle": 45, "axis": "x", "origin": [11, 6.7, 12]},
			"faces": {
				"north": {"uv": [13, 5, 16, 7], "texture": "#0"},
				"south": {"uv": [13, 5, 16, 7], "texture": "#0"}
			}
		},
		{
			"from": [11, 6.6, 10.7],
			"to": [11, 8.6, 13.7],
			"shade": false,
			"rotation": {"angle": -45, "axis": "z", "origin": [11, 6.7, 12]},
			"faces": {
				"east": {"uv": [13, 5, 16, 7], "texture": "#0"},
				"west": {"uv": [13, 5, 16, 7], "texture": "#0"}
			}
		},
		{
			"from": [11.2, 8, 10.7],
			"to": [12.2, 10, 10.7],
			"shade": false,
			"rotation": {"angle": 22.5, "axis": "y", "origin": [11, 10, 12]},
			"faces": {
				"north": {"uv": [14, 4, 15, 6], "texture": "#0"},
				"south": {"uv": [14, 4, 15, 6], "texture": "#0"}
			}
		},
		{
			"from": [9.7, 8, 10.8],
			"to": [9.7, 10, 11.8],
			"shade": false,
			"rotation": {"angle": 22.5, "axis": "y", "origin": [11, 10, 12]},
			"faces": {
				"east": {"uv": [14, 4, 15, 6], "texture": "#0"},
				"west": {"uv": [14, 4, 15, 6], "texture": "#0"}
			}
		},
		{
			"from": [9.8, 8, 13.3],
			"to": [10.8, 10, 13.3],
			"shade": false,
			"rotation": {"angle": 22.5, "axis": "y", "origin": [11, 10, 12]},
			"faces": {
				"north": {"uv": [14, 4, 15, 6], "texture": "#0"},
				"south": {"uv": [14, 4, 15, 6], "texture": "#0"}
			}
		},
		{
			"from": [12.3, 8, 12.2],
			"to": [12.3, 10, 13.2],
			"shade": false,
			"rotation": {"angle": 22.5, "axis": "y", "origin": [11, 10, 12]},
			"faces": {
				"east": {"uv": [14, 4, 15, 6], "texture": "#0"},
				"west": {"uv": [14, 4, 15, 6], "texture": "#0"}
			}
		},
		{
			"from": [12.3, 8, 10.7],
			"to": [12.3, 10, 13.7],
			"shade": false,
			"rotation": {"angle": 0, "axis": "y", "origin": [11, 10, 12]},
			"faces": {
				"east": {"uv": [13, 3, 16, 5], "texture": "#0"},
				"west": {"uv": [13, 3, 16, 5], "texture": "#0"}
			}
		},
		{
			"from": [9.7, 8, 10.7],
			"to": [12.7, 10, 10.7],
			"shade": false,
			"rotation": {"angle": 0, "axis": "y", "origin": [11, 10, 12]},
			"faces": {
				"north": {"uv": [13, 3, 16, 5], "texture": "#0"},
				"south": {"uv": [13, 3, 16, 5], "texture": "#0"}
			}
		},
		{
			"from": [9.7, 9.5, 10.7],
			"to": [12.3, 9.5, 13.3],
			"shade": false,
			"rotation": {"angle": 0, "axis": "y", "origin": [11, 5.5, 12]},
			"faces": {
				"up": {"uv": [13, 0, 16, 3], "texture": "#0"},
				"down": {"uv": [13, 0, 16, 3], "texture": "#0"}
			}
		},
		{
			"from": [11.43, 9.5, 11.57],
			"to": [11.43, 10, 12.44],
			"shade": false,
			"rotation": {"angle": 0, "axis": "y", "origin": [11, 10, 12]},
			"faces": {
				"east": {"uv": [13, 3, 14, 4], "texture": "#0"},
				"west": {"uv": [13, 3, 14, 4], "texture": "#0"}
			}
		},
		{
			"from": [9.7, 9.5, 11.57],
			"to": [11.43, 10, 11.57],
			"shade": false,
			"rotation": {"angle": 0, "axis": "y", "origin": [11, 10, 12]},
			"faces": {
				"north": {"uv": [13, 3, 15, 4], "texture": "#0"},
				"south": {"uv": [13, 3, 15, 4], "texture": "#0"}
			}
		},
		{
			"from": [10.56, 9.5, 12.43],
			"to": [11.43, 10, 12.43],
			"shade": false,
			"rotation": {"angle": 0, "axis": "y", "origin": [11, 10, 12]},
			"faces": {
				"north": {"uv": [13, 3, 14, 4], "texture": "#0"},
				"south": {"uv": [13, 3, 14, 4], "texture": "#0"}
			}
		},
		{
			"from": [2.7, 11, 9.3],
			"to": [2.7, 13, 12.3],
			"shade": false,
			"rotation": {"angle": 0, "axis": "y", "origin": [4, 13, 11]},
			"faces": {
				"east": {"uv": [13, 3, 16, 5], "texture": "#0"},
				"west": {"uv": [13, 3, 16, 5], "texture": "#0"}
			}
		},
		{
			"from": [2.3, 11, 12.3],
			"to": [5.3, 13, 12.3],
			"shade": false,
			"rotation": {"angle": 0, "axis": "y", "origin": [4, 13, 11]},
			"faces": {
				"north": {"uv": [13, 3, 16, 5], "texture": "#0"},
				"south": {"uv": [13, 3, 16, 5], "texture": "#0"}
			}
		},
		{
			"from": [2.7, 9.6, 11],
			"to": [5.7, 11.6, 11],
			"shade": false,
			"rotation": {"angle": -45, "axis": "x", "origin": [4, 9.7, 11]},
			"faces": {
				"north": {"uv": [13, 5, 16, 7], "texture": "#0"},
				"south": {"uv": [13, 5, 16, 7], "texture": "#0"}
			}
		},
		{
			"from": [4, 9.6, 9.3],
			"to": [4, 11.6, 12.3],
			"shade": false,
			"rotation": {"angle": 45, "axis": "z", "origin": [4, 9.7, 11]},
			"faces": {
				"east": {"uv": [13, 5, 16, 7], "texture": "#0"},
				"west": {"uv": [13, 5, 16, 7], "texture": "#0"}
			}
		},
		{
			"from": [2.3, 9.6, 11],
			"to": [5.3, 11.6, 11],
			"shade": false,
			"rotation": {"angle": 45, "axis": "x", "origin": [4, 9.7, 11]},
			"faces": {
				"north": {"uv": [13, 5, 16, 7], "texture": "#0"},
				"south": {"uv": [13, 5, 16, 7], "texture": "#0"}
			}
		},
		{
			"from": [4, 9.6, 9.7],
			"to": [4, 11.6, 12.7],
			"shade": false,
			"rotation": {"angle": -45, "axis": "z", "origin": [4, 9.7, 11]},
			"faces": {
				"east": {"uv": [13, 5, 16, 7], "texture": "#0"},
				"west": {"uv": [13, 5, 16, 7], "texture": "#0"}
			}
		},
		{
			"from": [4.2, 11, 9.7],
			"to": [5.2, 13, 9.7],
			"shade": false,
			"rotation": {"angle": 22.5, "axis": "y", "origin": [4, 13, 11]},
			"faces": {
				"north": {"uv": [14, 4, 15, 6], "texture": "#0"},
				"south": {"uv": [14, 4, 15, 6], "texture": "#0"}
			}
		},
		{
			"from": [2.7, 11, 9.8],
			"to": [2.7, 13, 10.8],
			"shade": false,
			"rotation": {"angle": 22.5, "axis": "y", "origin": [4, 13, 11]},
			"faces": {
				"east": {"uv": [14, 4, 15, 6], "texture": "#0"},
				"west": {"uv": [14, 4, 15, 6], "texture": "#0"}
			}
		},
		{
			"from": [2.8, 11, 12.3],
			"to": [3.8, 13, 12.3],
			"shade": false,
			"rotation": {"angle": 22.5, "axis": "y", "origin": [4, 13, 11]},
			"faces": {
				"north": {"uv": [14, 4, 15, 6], "texture": "#0"},
				"south": {"uv": [14, 4, 15, 6], "texture": "#0"}
			}
		},
		{
			"from": [5.3, 11, 11.2],
			"to": [5.3, 13, 12.2],
			"shade": false,
			"rotation": {"angle": 22.5, "axis": "y", "origin": [4, 13, 11]},
			"faces": {
				"east": {"uv": [14, 4, 15, 6], "texture": "#0"},
				"west": {"uv": [14, 4, 15, 6], "texture": "#0"}
			}
		},
		{
			"from": [5.3, 11, 9.7],
			"to": [5.3, 13, 12.7],
			"shade": false,
			"rotation": {"angle": 0, "axis": "y", "origin": [4, 13, 11]},
			"faces": {
				"east": {"uv": [13, 3, 16, 5], "texture": "#0"},
				"west": {"uv": [13, 3, 16, 5], "texture": "#0"}
			}
		},
		{
			"from": [2.7, 11, 9.7],
			"to": [5.7, 13, 9.7],
			"shade": false,
			"rotation": {"angle": 0, "axis": "y", "origin": [4, 13, 11]},
			"faces": {
				"north": {"uv": [13, 3, 16, 5], "texture": "#0"},
				"south": {"uv": [13, 3, 16, 5], "texture": "#0"}
			}
		},
		{
			"from": [2.7, 12.5, 9.7],
			"to": [5.3, 12.5, 12.3],
			"shade": false,
			"rotation": {"angle": 0, "axis": "y", "origin": [4, 8.5, 11]},
			"faces": {
				"up": {"uv": [13, 0, 16, 3], "texture": "#0"},
				"down": {"uv": [13, 0, 16, 3], "texture": "#0"}
			}
		},
		{
			"from": [4.43, 12.5, 10.57],
			"to": [4.43, 13, 11.44],
			"shade": false,
			"rotation": {"angle": 0, "axis": "y", "origin": [4, 13, 11]},
			"faces": {
				"east": {"uv": [13, 3, 14, 4], "texture": "#0"},
				"west": {"uv": [13, 3, 14, 4], "texture": "#0"}
			}
		},
		{
			"from": [2.7, 12.5, 10.57],
			"to": [4.43, 13, 10.57],
			"shade": false,
			"rotation": {"angle": 0, "axis": "y", "origin": [4, 13, 11]},
			"faces": {
				"north": {"uv": [13, 3, 15, 4], "texture": "#0"},
				"south": {"uv": [13, 3, 15, 4], "texture": "#0"}
			}
		},
		{
			"from": [3.56, 12.5, 11.43],
			"to": [4.43, 13, 11.43],
			"shade": false,
			"rotation": {"angle": 0, "axis": "y", "origin": [4, 13, 11]},
			"faces": {
				"north": {"uv": [13, 3, 14, 4], "texture": "#0"},
				"south": {"uv": [13, 3, 14, 4], "texture": "#0"}
			}
		},
		{
			"from": [3, 0, 3],
			"to": [5, 3, 5],
			"shade": false,
			"rotation": {"angle": 22.5, "axis": "z", "origin": [4, 0, 4]},
			"faces": {
				"north": {"uv": [10, 0, 12, 3], "texture": "#0"},
				"east": {"uv": [10, 0, 12, 3], "texture": "#0"},
				"south": {"uv": [10, 0, 12, 3], "texture": "#0"},
				"west": {"uv": [10, 0, 12, 3], "texture": "#0"},
				"up": {"uv": [10, 0, 12, 2], "texture": "#0"},
				"down": {"uv": [10, 3, 12, 5], "texture": "#0"}
			}
		},
		{
			"from": [11, 2, 3],
			"to": [13, 5, 5],
			"shade": false,
			"rotation": {"angle": -22.5, "axis": "x", "origin": [12, 2, 4]},
			"faces": {
				"north": {"uv": [10, 0, 12, 3], "texture": "#0"},
				"east": {"uv": [10, 0, 12, 3], "texture": "#0"},
				"south": {"uv": [10, 0, 12, 3], "texture": "#0"},
				"west": {"uv": [10, 0, 12, 3], "texture": "#0"},
				"up": {"uv": [10, 0, 12, 2], "rotation": 270, "texture": "#0"},
				"down": {"uv": [10, 3, 12, 5], "rotation": 90, "texture": "#0"}
			}
		},
		{
			"from": [11, 0, 11],
			"to": [13, 3, 13],
			"shade": false,
			"rotation": {"angle": -22.5, "axis": "z", "origin": [12, 0, 12]},
			"faces": {
				"north": {"uv": [10, 0, 12, 3], "texture": "#0"},
				"east": {"uv": [10, 0, 12, 3], "texture": "#0"},
				"south": {"uv": [10, 0, 12, 3], "texture": "#0"},
				"west": {"uv": [10, 0, 12, 3], "texture": "#0"},
				"up": {"uv": [10, 0, 12, 2], "texture": "#0"},
				"down": {"uv": [10, 3, 12, 5], "texture": "#0"}
			}
		},
		{
			"from": [3, 2, 11],
			"to": [5, 5, 13],
			"shade": false,
			"rotation": {"angle": 22.5, "axis": "x", "origin": [4, 2, 12]},
			"faces": {
				"north": {"uv": [10, 0, 12, 3], "texture": "#0"},
				"east": {"uv": [10, 0, 12, 3], "texture": "#0"},
				"south": {"uv": [10, 0, 12, 3], "texture": "#0"},
				"west": {"uv": [10, 0, 12, 3], "texture": "#0"},
				"up": {"uv": [10, 0, 12, 2], "rotation": 270, "texture": "#0"},
				"down": {"uv": [10, 3, 12, 5], "rotation": 90, "texture": "#0"}
			}
		}
	],
	"groups": [
		0,
		1,
		2,
		3,
		4,
		5,
		6,
		7,
		8,
		9,
		{
			"name": "group",
			"origin": [12, 8.5, 5],
			"color": 0,
			"shade": false,
			"children": [10, 11, 12, 13, 14, 15, 16, 17, 18, 19, 20, 21, 22, 23, 24, 25]
		},
		{
			"name": "group",
			"origin": [12, 8.5, 5],
			"color": 0,
			"shade": false,
			"children": [26, 27, 28, 29, 30, 31, 32, 33, 34, 35, 36, 37, 38, 39, 40, 41]
		},
		{
			"name": "group",
			"origin": [12, 8.5, 5],
			"color": 0,
			"shade": false,
			"children": [42, 43, 44, 45, 46, 47, 48, 49, 50, 51, 52, 53, 54, 55, 56, 57]
		},
		{
			"name": "group",
			"origin": [12, 8.5, 5],
			"color": 0,
			"shade": false,
			"children": [58, 59, 60, 61, 62, 63, 64, 65, 66, 67, 68, 69, 70, 71, 72, 73]
		},
		{
			"name": "group",
			"origin": [12, 8.5, 5],
			"color": 0,
			"shade": false,
			"children": [74, 75, 76, 77, 78, 79, 80, 81, 82, 83, 84, 85, 86, 87, 88, 89]
		},
		90,
		91,
		92,
		93
	]
}