{
	"credit": "Made by XeKr with Blockbench",
	"parent": "minecraft:block/cross",
	"texture_size": [32, 32],
	"textures": {
		"0": "block/sunflower_3dx",
		"particle": "block/sunflower_3dx"
	},
	"elements": [
		{
			"from": [8, 0, 7],
			"to": [8, 10, 9],
			"shade": false,
			"rotation": {"angle": 0, "axis": "y", "origin": [8, 8, 8]},
			"faces": {
				"east": {"uv": [0, 4.5, 1, 9.5], "texture": "#0"},
				"west": {"uv": [0, 4.5, 1, 9.5], "texture": "#0"}
			}
		},
		{
			"from": [7, 0, 8],
			"to": [11, 12, 8],
			"shade": false,
			"rotation": {"angle": 0, "axis": "y", "origin": [10, 8, 8]},
			"faces": {
				"north": {"uv": [2, 3, 0, 9], "texture": "#0"},
				"south": {"uv": [0, 3, 2, 9], "texture": "#0"}
			}
		},
		{
			"from": [4.5, 1, -1],
			"to": [11.5, 1, 8],
			"shade": false,
			"rotation": {"angle": 22.5, "axis": "x", "origin": [8, 1, 8]},
			"faces": {
				"up": {"uv": [1, 11.5, 4.5, 16], "texture": "#0"},
				"down": {"uv": [1, 16, 4.5, 11.5], "texture": "#0"}
			}
		},
		{
			"from": [4.5, 5, 8],
			"to": [11.5, 5, 17],
			"shade": false,
			"rotation": {"angle": -22.5, "axis": "x", "origin": [8, 5, 8]},
			"faces": {
				"up": {"uv": [1, 11.5, 4.5, 16], "rotation": 180, "texture": "#0"},
				"down": {"uv": [1, 16, 4.5, 11.5], "rotation": 180, "texture": "#0"}
			}
		},
		{
			"from": [-1, 2, 4.5],
			"to": [8, 2, 11.5],
			"shade": false,
			"rotation": {"angle": -22.5, "axis": "z", "origin": [8, 2, 8]},
			"faces": {
				"up": {"uv": [1, 11.5, 4.5, 16], "rotation": 270, "texture": "#0"},
				"down": {"uv": [1, 16, 4.5, 11.5], "rotation": 90, "texture": "#0"}
			}
		},
		{
			"from": [11.8, 6, 3],
			"to": [11.8, 16, 13],
			"shade": false,
			"rotation": {"angle": 22.5, "axis": "z", "origin": [10, 11, 8]},
			"faces": {
				"east": {"uv": [11, 0.5, 16, 5.5], "rotation": 90, "texture": "#0"},
				"west": {"uv": [11, 0.5, 16, 5.5], "rotation": 90, "texture": "#0"}
			}
		},
		{
			"from": [12, 5, 2],
			"to": [12, 17, 14],
			"shade": false,
			"rotation": {"angle": 22.5, "axis": "z", "origin": [10, 11, 8]},
			"faces": {
				"east": {"uv": [5, 6, 11, 12], "rotation": 90, "texture": "#0"},
				"west": {"uv": [5, 6, 11, 12], "rotation": 90, "texture": "#0"}
			}
		},
		{
			"from": [10, 8, 5],
			"to": [12, 14, 11],
			"shade": false,
			"rotation": {"angle": 22.5, "axis": "z", "origin": [10, 11, 8]},
			"faces": {
				"north": {"uv": [12, 1.5, 15, 2.5], "rotation": 270, "texture": "#0"},
				"south": {"uv": [12, 1.5, 15, 2.5], "rotation": 90, "texture": "#0"},
				"west": {"uv": [12, 1.5, 15, 4.5], "rotation": 90, "texture": "#0"},
				"up": {"uv": [12, 1.5, 15, 2.5], "rotation": 90, "texture": "#0"},
				"down": {"uv": [12, 1.5, 15, 2.5], "rotation": 90, "texture": "#0"}
			}
		}
	],
	"groups": [
		0,
		1,
		2,
		3,
		4,
		{
			"name": "group",
			"origin": [13, 10, 8],
			"color": 0,
			"shade": false,
			"children": [5, 6, 7]
		}
	]
}