{
  "variants": {
    "type=bottom": [
	{ "model": "minecraft:block/deepslate_tile_slab",
        "y": 0 },
      { "model": "minecraft:block/deepslate_tile_slab",
        "y": 90 },
      { "model": "minecraft:block/deepslate_tile_slab",
        "y": 180 },
      { "model": "minecraft:block/deepslate_tile_slab",
        "y": 270 }
	],
    "type=top": {
      "model": "block/polished_deepslate_slab_top"
    },
    "type=double": {
      "model": "block/polished_deepslate_slab_double"
    }
  }
}