{"variants":{"":[{"model":"minecraft:block/polished_granite"},{"model":"minecraft:block/polished_granite","x":90},{"model":"minecraft:block/polished_granite","x":180},{"model":"minecraft:block/polished_granite","x":270},{"model":"minecraft:block/polished_granite","y":90},{"model":"minecraft:block/polished_granite","y":90,"x":90},{"model":"minecraft:block/polished_granite","y":90,"x":180},{"model":"minecraft:block/polished_granite","y":90,"x":270},{"model":"minecraft:block/polished_granite","y":180},{"model":"minecraft:block/polished_granite","y":180,"x":90},{"model":"minecraft:block/polished_granite","y":180,"x":180},{"model":"minecraft:block/polished_granite","y":180,"x":270},{"model":"minecraft:block/polished_granite","y":270},{"model":"minecraft:block/polished_granite","y":270,"x":90},{"model":"minecraft:block/polished_granite","y":270,"x":180},{"model":"minecraft:block/polished_granite","y":270,"x":270}]}}