{
  "variants": {
    "": [
	{"model": "minecraft:block/orange_tulip1", "weight": 4},
	{"model": "minecraft:block/orange_tulip2"},
	{"model": "minecraft:block/orange_tulip2", "y": 90},
	{"model": "minecraft:block/orange_tulip2", "y": 180},
	{"model": "minecraft:block/orange_tulip2", "y": 270},
	{"model": "minecraft:block/orange_tulip3"},
	{"model": "minecraft:block/orange_tulip3", "y": 90},
	{"model": "minecraft:block/orange_tulip3", "y": 180},
	{"model": "minecraft:block/orange_tulip3", "y": 270}
  ]
  }
}