{
  "variants": {
    "": [
	{"model": "minecraft:block/oxeye_daisy1", "weight": 4},
	{"model": "minecraft:block/oxeye_daisy2"},
	{"model": "minecraft:block/oxeye_daisy2", "y": 90},
	{"model": "minecraft:block/oxeye_daisy2", "y": 180},
	{"model": "minecraft:block/oxeye_daisy2", "y": 270},
	{"model": "minecraft:block/oxeye_daisy3"},
	{"model": "minecraft:block/oxeye_daisy3", "y": 90},
	{"model": "minecraft:block/oxeye_daisy3", "y": 180},
	{"model": "minecraft:block/oxeye_daisy3", "y": 270}
  ]
  }
}