{
	"credit": "Created by Stridey",
	"textures": {
		"bar": "block/bell_floor_beam",
		"particle": "block/gold_block"
	},
	"elements": [
		{
			"from": [7, 11, 8],
			"to": [9, 16, 8],
			"faces": {
				"north": {"uv": [0, 0.125, 3, 2], "rotation": 90, "texture": "#bar"},
				"south": {"uv": [0, 0.125, 3, 2], "rotation": 90, "texture": "#bar"}
			}
		},
		{
			"from": [8, 11, 7],
			"to": [8, 16, 9],
			"rotation": {"angle": 0, "axis": "y", "origin": [8, 13.5, 8]},
			"faces": {
				"east": {"uv": [0, 0.125, 3, 2], "rotation": 90, "texture": "#bar"},
				"west": {"uv": [0, 0.125, 3, 2], "rotation": 90, "texture": "#bar"}
			}
		}
	]
}