{
	"credit": "Created by Stridey",
	"textures": {
		"fence_post": "#fence_post"
	},
	"elements": [
		{
			"name": "Center post",
			"from": [6, 0, 6],
			"to": [10, 16, 10],
			"faces": {
				"north": {"uv": [0, 0, 4, 16], "texture": "#fence_post"},
				"east": {"uv": [0, 0, 4, 16], "texture": "#fence_post"},
				"south": {"uv": [0, 0, 4, 16], "texture": "#fence_post"},
				"west": {"uv": [0, 0, 4, 16], "texture": "#fence_post"},
				"up": {"uv": [4, 0, 8, 4], "texture": "#fence_post", "cullface": "up"},
				"down": {"uv": [4, 0, 8, 4], "texture": "#fence_post", "cullface": "down"}
			}
		}
	]
}