{
	"credit": "Created by Stridey",
	"parent": "block/block",
	"ambientocclusion": false,
	"textures": {
		"particle": "#texture",
		"texture": "#texture"
	},
	"elements": [
		{
			"name": "Left post",
			"from": [6, 0, 0],
			"to": [10, 16, 4],
			"faces": {
				"north": {"uv": [0, 0, 4, 16], "texture": "#texture"},
				"east": {"uv": [0, 0, 4, 16], "texture": "#texture"},
				"south": {"uv": [0, 0, 4, 16], "texture": "#texture"},
				"west": {"uv": [0, 0, 4, 16], "texture": "#texture"},
				"up": {"uv": [4, 0, 8, 4], "texture": "#texture"},
				"down": {"uv": [4, 0, 8, 4], "texture": "#texture"}
			}
		},
		{
			"name": "Right post",
			"from": [6, 0, 12],
			"to": [10, 16, 16],
			"faces": {
				"north": {"uv": [0, 0, 4, 16], "texture": "#texture"},
				"east": {"uv": [0, 0, 4, 16], "texture": "#texture"},
				"south": {"uv": [0, 0, 4, 16], "texture": "#texture"},
				"west": {"uv": [0, 0, 4, 16], "texture": "#texture"},
				"up": {"uv": [4, 0, 8, 4], "texture": "#texture"},
				"down": {"uv": [4, 0, 8, 4], "texture": "#texture"}
			}
		},
		{
			"name": "Top bar",
			"from": [8, 11, -2],
			"to": [8, 15, 18],
			"faces": {
				"north": {"uv": [7, 1, 9, 3], "texture": "#texture"},
				"east": {"uv": [7, 13, 16, 16], "texture": "#texture"},
				"south": {"uv": [7, 1, 9, 3], "texture": "#texture"},
				"west": {"uv": [7, 13, 16, 16], "texture": "#texture"},
				"up": {"uv": [7, 0, 9, 16], "texture": "#texture"},
				"down": {"uv": [7, 0, 9, 16], "texture": "#texture"}
			}
		},
		{
			"name": "Top bar",
			"from": [8, 4, -2],
			"to": [8, 8, 18],
			"faces": {
				"north": {"uv": [7, 1, 9, 3], "texture": "#texture"},
				"east": {"uv": [7, 13, 16, 16], "texture": "#texture"},
				"south": {"uv": [7, 1, 9, 3], "texture": "#texture"},
				"west": {"uv": [7, 13, 16, 16], "texture": "#texture"},
				"up": {"uv": [7, 0, 9, 16], "texture": "#texture"},
				"down": {"uv": [7, 0, 9, 16], "texture": "#texture"}
			}
		}
	],
	"gui_light": "front",
	"display": {
		"gui": {
			"rotation": [0, -90, 0],
			"scale": [0.75, 0.75, 0.75]
		},
		"fixed": {
			"rotation": [0, 90, 0],
			"scale": [0.5, 0.5, 0.5]
		}
	}
}