{
	"credit": "Created by Stridey",
	"ambientocclusion": false,
	"textures": {
		"0": "block/flower_pot",
		"particle": "block/flower_pot"
	},
	"elements": [
		{
			"name": "pot",
			"from": [5, 0, 5],
			"to": [6, 6, 11],
			"faces": {
				"north": {"uv": [10, 10, 11, 16], "texture": "#0"},
				"east": {"uv": [5, 10, 11, 16], "texture": "#0"},
				"south": {"uv": [5, 10, 6, 16], "texture": "#0"},
				"west": {"uv": [5, 10, 11, 16], "texture": "#0"},
				"up": {"uv": [5, 5, 6, 11], "texture": "#0"},
				"down": {"uv": [5, 5, 6, 11], "texture": "#0", "cullface": "down"}
			}
		},
		{
			"name": "pot",
			"from": [10, 0, 5],
			"to": [11, 6, 11],
			"faces": {
				"north": {"uv": [5, 10, 6, 16], "texture": "#0"},
				"east": {"uv": [5, 10, 11, 16], "texture": "#0"},
				"south": {"uv": [10, 10, 11, 16], "texture": "#0"},
				"west": {"uv": [5, 10, 11, 16], "texture": "#0"},
				"up": {"uv": [10, 5, 11, 11], "texture": "#0"},
				"down": {"uv": [10, 5, 11, 11], "texture": "#0", "cullface": "down"}
			}
		},
		{
			"name": "pot",
			"from": [6, 0, 5],
			"to": [10, 6, 6],
			"faces": {
				"north": {"uv": [6, 10, 10, 16], "texture": "#0"},
				"south": {"uv": [6, 10, 10, 16], "texture": "#0"},
				"up": {"uv": [6, 5, 10, 6], "texture": "#0"},
				"down": {"uv": [6, 10, 10, 11], "texture": "#0", "cullface": "down"}
			}
		},
		{
			"name": "pot",
			"from": [6, 0, 10],
			"to": [10, 6, 11],
			"faces": {
				"north": {"uv": [6, 10, 10, 16], "texture": "#0"},
				"south": {"uv": [6, 10, 10, 16], "texture": "#0"},
				"up": {"uv": [6, 10, 10, 11], "texture": "#0"},
				"down": {"uv": [6, 5, 10, 6], "texture": "#0", "cullface": "down"}
			}
		},
		{
			"name": "dirt",
			"from": [6, 0, 6],
			"to": [10, 4, 10],
			"faces": {
				"up": {"uv": [0, 0, 4, 4], "texture": "#0"},
				"down": {"uv": [6, 12, 10, 16], "texture": "#0", "cullface": "down"}
			}
		}
	]
}