{
	"credit": "Created by Stridey",
	"parent": "block/block",
	"textures": {
		"bottom": "block/lectern_base_bottom",
		"side": "block/lectern_base_side",
		"base_front": "block/lectern_base_front",
		"base": "block/lectern_base",
		"front": "block/lectern_front",
		"top": "block/lectern_top",
		"particle": "item/lectern"
	},
	"elements": [
		{
			"from": [0, 0, 0],
			"to": [16, 2, 16],
			"faces": {
				"north": {"uv": [0, 14, 16, 16], "texture": "#base_front", "cullface": "north"},
				"east": {"uv": [0, 14, 16, 16], "texture": "#side", "cullface": "east"},
				"south": {"uv": [0, 14, 16, 16], "texture": "#side", "cullface": "south"},
				"west": {"uv": [0, 14, 16, 16], "texture": "#side", "cullface": "west"},
				"up": {"uv": [0, 0, 16, 16], "rotation": 180, "texture": "#base"},
				"down": {"uv": [0, 0, 16, 16], "texture": "#bottom", "cullface": "down"}
			}
		},
		{
			"from": [4, 2, 4],
			"to": [12, 15, 12],
			"faces": {
				"north": {"uv": [0, 0, 8, 13], "texture": "#front"},
				"east": {"uv": [0.125, 0.375, 16, 16], "rotation": 180, "texture": "#bottom"},
				"south": {"uv": [0.125, 0.5, 16, 15.625], "rotation": 180, "texture": "#bottom"},
				"west": {"uv": [0, 0.375, 15.875, 16], "rotation": 180, "texture": "#bottom"}
			}
		},
		{
			"from": [0.0125, 12, 3],
			"to": [15.9875, 16, 16],
			"rotation": {"angle": -22.5, "axis": "x", "origin": [8, 8, 8]},
			"faces": {
				"north": {"uv": [0.5, 0, 15.5, 16], "texture": "#bottom"},
				"east": {"uv": [0.5, 0, 15.5, 16], "texture": "#bottom"},
				"south": {"uv": [0.5, 0, 15.5, 16], "texture": "#bottom"},
				"west": {"uv": [0.5, 0, 15.5, 16], "texture": "#bottom"},
				"up": {"uv": [0, 1, 16, 14], "rotation": 180, "texture": "#top"},
				"down": {"uv": [0, 0, 16, 16], "texture": "#bottom"}
			}
		}
	],
	"display": {
		"firstperson_righthand": {
			"rotation": [0, 135, 0],
			"scale": [0.4, 0.4, 0.4]
		}
	}
}