{
	"credit": "Created by Stridey",
	"parent": "block/pressure_plate",
	"textures": {
		"texture": "#texture",
		"particle": "#texture"
	},
	"elements": [
		{
			"from": [1, 0, 1],
			"to": [15, 0.5, 15],
			"faces": {
				"north": {"uv": [0, 15.5, 14, 16], "texture": "#texture"},
				"east": {"uv": [0, 15.5, 14, 16], "texture": "#texture"},
				"south": {"uv": [0, 15.5, 14, 16], "texture": "#texture"},
				"west": {"uv": [0, 15.5, 14, 16], "texture": "#texture"},
				"up": {"uv": [1, 1, 15, 15], "texture": "#texture"},
				"down": {"uv": [1, 1, 15, 15], "texture": "#texture", "cullface": "down"}
			}
		}
	]
}