{
	"credit": "Created by Stridey",
	"ambientocclusion": false,
	"textures": {
		"3": "block/repeater_side",
		"4": "block/repeater_bottom",
		"particle": "block/repeater",
		"top": "block/repeater",
		"unlit": "block/repeater_redstone_torch_off"
	},
	"elements": [
		{
			"from": [0, 0, 0],
			"to": [16, 2, 16],
			"faces": {
				"north": {"uv": [0, 14, 16, 16], "texture": "#3", "cullface": "north"},
				"east": {"uv": [0, 14, 16, 16], "texture": "#3", "cullface": "east"},
				"south": {"uv": [0, 14, 16, 16], "texture": "#3", "cullface": "south"},
				"west": {"uv": [0, 14, 16, 16], "texture": "#3", "cullface": "west"},
				"up": {"uv": [0, 0, 16, 16], "texture": "#top"},
				"down": {"uv": [0, 0, 16, 16], "texture": "#4", "cullface": "down"}
			}
		},
		{
			"from": [7, 2, 2],
			"to": [9, 6, 4],
			"rotation": {"angle": 0, "axis": "y", "origin": [8, 7, 4]},
			"faces": {
				"up": {"uv": [7, 7, 9, 9], "texture": "#unlit"}
			}
		},
		{
			"from": [5, 2, 2],
			"to": [11, 9, 4],
			"rotation": {"angle": 0, "axis": "y", "origin": [8, 8, 4]},
			"faces": {
				"north": {"uv": [5, 4, 11, 11], "texture": "#unlit"},
				"south": {"uv": [5, 4, 11, 11], "texture": "#unlit"},
				"down": {"uv": [7, 13, 9, 15], "texture": "#unlit"}
			}
		},
		{
			"from": [7, 2, 0],
			"to": [9, 9, 6],
			"rotation": {"angle": 0, "axis": "y", "origin": [8, 5.5, 3]},
			"faces": {
				"east": {"uv": [5, 4, 11, 11], "texture": "#unlit"},
				"west": {"uv": [5, 4, 11, 11], "texture": "#unlit"},
				"down": {"uv": [7, 13, 9, 15], "rotation": 90, "texture": "#unlit"}
			}
		},
		{
			"from": [7, 2, 4],
			"to": [9, 9, 10],
			"rotation": {"angle": 0, "axis": "y", "origin": [8, 5.5, 7]},
			"faces": {
				"east": {"uv": [5, 4, 11, 11], "texture": "#unlit"},
				"west": {"uv": [5, 4, 11, 11], "texture": "#unlit"},
				"down": {"uv": [7, 13, 9, 15], "rotation": 90, "texture": "#unlit"}
			}
		},
		{
			"from": [5, 2, 6],
			"to": [11, 9, 8],
			"faces": {
				"north": {"uv": [5, 4, 11, 11], "texture": "#unlit"},
				"south": {"uv": [5, 4, 11, 11], "texture": "#unlit"},
				"down": {"uv": [7, 13, 9, 15], "texture": "#unlit"}
			}
		},
		{
			"from": [7, 2, 6],
			"to": [9, 6, 8],
			"rotation": {"angle": 0, "axis": "y", "origin": [8, 7, 8]},
			"faces": {
				"up": {"uv": [7, 7, 9, 9], "texture": "#unlit"}
			}
		}
	]
}