{
  "variants": {
    "facing=east,half=bottom,open=false": {
      "model": "minecraft:block/acacia_trapdoor_bottom_east"
    },
    "facing=east,half=bottom,open=true": {
      "model": "minecraft:block/acacia_trapdoor_bottom_open",
      "y": 90
    },
    "facing=east,half=top,open=false": {
      "model": "minecraft:block/acacia_trapdoor_top_east"
    },
    "facing=east,half=top,open=true": {
      "model": "minecraft:block/acacia_trapdoor_top_open",
      "y": 90
    },
	
    "facing=north,half=bottom,open=false": {
      "model": "minecraft:block/acacia_trapdoor_bottom_north"
    },
    "facing=north,half=bottom,open=true": {
      "model": "minecraft:block/acacia_trapdoor_bottom_open",
      "y": 0
    },
    "facing=north,half=top,open=false": {
      "model": "minecraft:block/acacia_trapdoor_top_north"
    },
    "facing=north,half=top,open=true": {
      "model": "minecraft:block/acacia_trapdoor_top_open",
      "y": 0
    },
	
    "facing=south,half=bottom,open=false": {
      "model": "minecraft:block/acacia_trapdoor_bottom_south"
    },
    "facing=south,half=bottom,open=true": {
      "model": "minecraft:block/acacia_trapdoor_bottom_open",
      "y": 180
    },
    "facing=south,half=top,open=false": {
      "model": "minecraft:block/acacia_trapdoor_top_south"
    },
    "facing=south,half=top,open=true": {
      "model": "minecraft:block/acacia_trapdoor_top_open",
      "y": 180
    },
	
    "facing=west,half=bottom,open=false": {
      "model": "minecraft:block/acacia_trapdoor_bottom_west"
    },
    "facing=west,half=bottom,open=true": {
      "model": "minecraft:block/acacia_trapdoor_bottom_open",
      "y": 270
    },
    "facing=west,half=top,open=false": {
      "model": "minecraft:block/acacia_trapdoor_top_west"
    },
    "facing=west,half=top,open=true": {
      "model": "minecraft:block/acacia_trapdoor_top_open",
      "y": 270
    }
  }
}