{
  "variants": {
		"axis=x":	[
					{ "model": "block/variated/birch_wood/birch_wood_0", "weight":100, "x": 90, "y": 90 },
					{ "model": "block/variated/birch_wood/birch_wood_1", "weight":10,  "x": 90, "y": 90 },
					{ "model": "block/variated/birch_wood/birch_wood_2", "weight":100, "x": 90, "y": 90 },
					{ "model": "block/variated/birch_wood/birch_wood_3", "weight":100, "x": 90, "y": 90 },
					{ "model": "block/variated/birch_wood/birch_wood_4", "weight":100, "x": 90, "y": 90 },
					{ "model": "block/variated/birch_wood/birch_wood_5", "weight":10,  "x": 90, "y": 90 }
	],
		"axis=y":	[
					{ "model": "block/variated/birch_wood/birch_wood_0", "weight":100 },
					{ "model": "block/variated/birch_wood/birch_wood_1", "weight":10  },
					{ "model": "block/variated/birch_wood/birch_wood_2", "weight":100 },
					{ "model": "block/variated/birch_wood/birch_wood_3", "weight":100 },
					{ "model": "block/variated/birch_wood/birch_wood_4", "weight":100 },
					{ "model": "block/variated/birch_wood/birch_wood_5", "weight":10  }
	],
		"axis=z": 	[
					{ "model": "block/variated/birch_wood/birch_wood_0", "weight":100, "x": 90 },
					{ "model": "block/variated/birch_wood/birch_wood_1", "weight":10,  "x": 90 },
					{ "model": "block/variated/birch_wood/birch_wood_2", "weight":100, "x": 90 },
					{ "model": "block/variated/birch_wood/birch_wood_3", "weight":100, "x": 90 },
					{ "model": "block/variated/birch_wood/birch_wood_4", "weight":100, "x": 90 },
					{ "model": "block/variated/birch_wood/birch_wood_5", "weight":10,  "x": 90 }
	]
  }
}