{
  "variants": {

    "type=bottom": [
      {"model": "block/brick_slab"},
      {"model": "block/variated/brick_slab/brick_slab_1"},
      {"model": "block/variated/brick_slab/brick_slab_2"},
      {"model": "block/variated/brick_slab/brick_slab_3"},
      {"model": "block/variated/brick_slab/brick_slab_4"},
      {"model": "block/variated/brick_slab/brick_slab_5"},
      {"model": "block/variated/brick_slab/brick_slab_6"},
      {"model": "block/variated/brick_slab/brick_slab_7"}
    ],
	
    "type=top": [
      {"model": "block/brick_slab_top"},
      {"model": "block/variated/brick_slab_top/brick_slab_top_1"},
      {"model": "block/variated/brick_slab_top/brick_slab_top_2"},
      {"model": "block/variated/brick_slab_top/brick_slab_top_3"},
      {"model": "block/variated/brick_slab_top/brick_slab_top_4"},
      {"model": "block/variated/brick_slab_top/brick_slab_top_5"},
      {"model": "block/variated/brick_slab_top/brick_slab_top_6"},
      {"model": "block/variated/brick_slab_top/brick_slab_top_7"}
    ],
	
    "type=double": [
      {"model": "block/bricks"},
      {"model": "block/variated/bricks/bricks_1"},
      {"model": "block/variated/bricks/bricks_2"},
      {"model": "block/variated/bricks/bricks_3"},
      {"model": "block/variated/bricks/bricks_4"},
      {"model": "block/variated/bricks/bricks_5"},
      {"model": "block/variated/bricks/bricks_6"},
      {"model": "block/variated/bricks/bricks_7"}
    ]
  }
}