{
  "variants": {

    "type=bottom": [
      {"model": "block/cobblestone_slab"},
      {"model": "block/variated/cobblestone_slab/cobblestone_slab_1"},
      {"model": "block/variated/cobblestone_slab/cobblestone_slab_2"},
      {"model": "block/variated/cobblestone_slab/cobblestone_slab_3"},
      {"model": "block/variated/cobblestone_slab/cobblestone_slab_4"},
      {"model": "block/variated/cobblestone_slab/cobblestone_slab_5"},
      {"model": "block/variated/cobblestone_slab/cobblestone_slab_6"},
      {"model": "block/variated/cobblestone_slab/cobblestone_slab_7"}
    ],
	
    "type=top": [
      {"model": "block/cobblestone_slab_top"},
      {"model": "block/variated/cobblestone_slab_top/cobblestone_slab_top_1"},
      {"model": "block/variated/cobblestone_slab_top/cobblestone_slab_top_2"},
      {"model": "block/variated/cobblestone_slab_top/cobblestone_slab_top_3"},
      {"model": "block/variated/cobblestone_slab_top/cobblestone_slab_top_4"},
      {"model": "block/variated/cobblestone_slab_top/cobblestone_slab_top_5"},
      {"model": "block/variated/cobblestone_slab_top/cobblestone_slab_top_6"},
      {"model": "block/variated/cobblestone_slab_top/cobblestone_slab_top_7"}
    ],
	
    "type=double": [
      {"model": "block/cobblestone"},
      {"model": "block/variated/cobblestone/cobblestone_1"},
      {"model": "block/variated/cobblestone/cobblestone_2"},
      {"model": "block/variated/cobblestone/cobblestone_3"},
      {"model": "block/variated/cobblestone/cobblestone_4"},
      {"model": "block/variated/cobblestone/cobblestone_5"},
      {"model": "block/variated/cobblestone/cobblestone_6"},
      {"model": "block/variated/cobblestone/cobblestone_7"}
    ]
  }
}