{
  "variants": {

    "type=bottom": [
      {"model": "block/variated/dark_prismarine/dark_prismarine_slab_0", "weight":100},
      {"model": "block/variated/dark_prismarine/dark_prismarine_slab_1", "weight":50 },
      {"model": "block/variated/dark_prismarine/dark_prismarine_slab_2", "weight":50 },
      {"model": "block/variated/dark_prismarine/dark_prismarine_slab_3", "weight":50 }
    ],
	
    "type=top": [
      {"model": "block/variated/dark_prismarine/dark_prismarine_slab_top_0", "weight":100},
      {"model": "block/variated/dark_prismarine/dark_prismarine_slab_top_1", "weight":50 },
      {"model": "block/variated/dark_prismarine/dark_prismarine_slab_top_2", "weight":50 },
      {"model": "block/variated/dark_prismarine/dark_prismarine_slab_top_3", "weight":50 }
    ],
	
    "type=double": [
      {"model": "block/variated/dark_prismarine/dark_prismarine_0", "weight":100},
      {"model": "block/variated/dark_prismarine/dark_prismarine_1", "weight":50 },
      {"model": "block/variated/dark_prismarine/dark_prismarine_2", "weight":50 },
      {"model": "block/variated/dark_prismarine/dark_prismarine_3", "weight":50 }
    ]
  }
}