{
    "variants": {
        "": [
            { "model": "block/dirt", "weight": 10 },
			{ "model": "block/variated/dirt/dirt_0_mirrored", "weight": 10 },
			{ "model": "block/variated/dirt/dirt_1", "weight": 10 },
			{ "model": "block/variated/dirt/dirt_1_mirrored", "weight": 10 },
			{ "model": "block/variated/dirt/dirt_2", "weight": 10 },
			{ "model": "block/variated/dirt/dirt_2_mirrored", "weight": 10 },
			{ "model": "block/variated/dirt/dirt_3", "weight": 1 },
			{ "model": "block/variated/dirt/dirt_3_mirrored", "weight": 1 },
			{ "model": "block/variated/dirt/dirt_4", "weight": 1 },
			{ "model": "block/variated/dirt/dirt_4_mirrored", "weight": 1 },
            { "model": "block/variated/dirt/dirt_5", "weight": 10 },
			{ "model": "block/variated/dirt/dirt_5_mirrored", "weight": 10 }
        ]
    }
}
