{
  "variants": {
    "moisture=0": {
      "model": "block/farmland"
    },
    "moisture=1": {
      "model": "block/states/farmland_moist/farmland_moist_1"
    },
    "moisture=2": {
      "model": "block/states/farmland_moist/farmland_moist_2"
    },
    "moisture=3": {
      "model": "block/states/farmland_moist/farmland_moist_3"
    },
    "moisture=4": {
      "model": "block/states/farmland_moist/farmland_moist_4"
    },
    "moisture=5": {
      "model": "block/states/farmland_moist/farmland_moist_5"
    },
    "moisture=6": {
      "model": "block/states/farmland_moist/farmland_moist_6"
    },
    "moisture=7": {
      "model": "block/states/farmland_moist/farmland_moist_7"
    }
  }
}