{
  "variants": {
    "": [
      {
        "model": "minecraft:block/light_blue_concrete"
      },
      {
        "model": "minecraft:block/light_blue_concrete",
        "x": 90
      },
      {
        "model": "minecraft:block/light_blue_concrete",
        "x": 180
      },
      {
        "model": "minecraft:block/light_blue_concrete",
        "x": 270
      },
      {
        "model": "minecraft:block/light_blue_concrete",
        "y": 90
      },
      {
        "model": "minecraft:block/light_blue_concrete",
        "y": 90,
        "x": 90
      },
      {
        "model": "minecraft:block/light_blue_concrete",
        "y": 90,
        "x": 180
      },
      {
        "model": "minecraft:block/light_blue_concrete",
        "y": 90,
        "x": 270
      },
      {
        "model": "minecraft:block/light_blue_concrete",
        "y": 180
      },
      {
        "model": "minecraft:block/light_blue_concrete",
        "y": 180,
        "x": 90
      },
      {
        "model": "minecraft:block/light_blue_concrete",
        "y": 180,
        "x": 180
      },
      {
        "model": "minecraft:block/light_blue_concrete",
        "y": 180,
        "x": 270
      },
      {
        "model": "minecraft:block/light_blue_concrete",
        "y": 270
      },
      {
        "model": "minecraft:block/light_blue_concrete",
        "y": 270,
        "x": 90
      },
      {
        "model": "minecraft:block/light_blue_concrete",
        "y": 270,
        "x": 180
      },
      {
        "model": "minecraft:block/light_blue_concrete",
        "y": 270,
        "x": 270
      }
    ]
  }
}