{
  "variants": {
    "face=ceiling,facing=east,powered=false": {
      "model": "minecraft:block/states/polished_blackstone_button/polished_blackstone_button_flipped",
      "x": 180
    },
    "face=ceiling,facing=east,powered=true": {
      "model": "minecraft:block/states/polished_blackstone_button/polished_blackstone_button_pressed_flipped",
      "x": 180
    },
    "face=ceiling,facing=north,powered=false": {
      "model": "minecraft:block/polished_blackstone_button",
      "x": 180
    },
    "face=ceiling,facing=north,powered=true": {
      "model": "minecraft:block/polished_blackstone_button_pressed",
      "x": 180
    },
    "face=ceiling,facing=south,powered=false": {
      "model": "minecraft:block/polished_blackstone_button",
      "x": 180
    },
    "face=ceiling,facing=south,powered=true": {
      "model": "minecraft:block/polished_blackstone_button_pressed",
      "x": 180
    },
    "face=ceiling,facing=west,powered=false": {
      "model": "minecraft:block/states/polished_blackstone_button/polished_blackstone_button_flipped",
      "x": 180
    },
    "face=ceiling,facing=west,powered=true": {
      "model": "minecraft:block/states/polished_blackstone_button/polished_blackstone_button_pressed_flipped",
      "x": 180
    },
    "face=floor,facing=east,powered=false": {
      "model": "minecraft:block/states/polished_blackstone_button/polished_blackstone_button_flipped"
    },
    "face=floor,facing=east,powered=true": {
      "model": "minecraft:block/states/polished_blackstone_button/polished_blackstone_button_pressed_flipped"
    },
    "face=floor,facing=north,powered=false": {
      "model": "minecraft:block/polished_blackstone_button"
    },
    "face=floor,facing=north,powered=true": {
      "model": "minecraft:block/polished_blackstone_button_pressed"
    },
    "face=floor,facing=south,powered=false": {
      "model": "minecraft:block/polished_blackstone_button"
    },
    "face=floor,facing=south,powered=true": {
      "model": "minecraft:block/polished_blackstone_button_pressed"
    },
    "face=floor,facing=west,powered=false": {
      "model": "minecraft:block/states/polished_blackstone_button/polished_blackstone_button_flipped"
    },
    "face=floor,facing=west,powered=true": {
      "model": "minecraft:block/states/polished_blackstone_button/polished_blackstone_button_pressed_flipped"
    },
    "face=wall,facing=east,powered=false": {
      "model": "minecraft:block/polished_blackstone_button",
      "y": 90,
      "x": 90,
      "uvlock": true
    },
    "face=wall,facing=east,powered=true": {
      "model": "minecraft:block/polished_blackstone_button_pressed",
      "y": 90,
      "x": 90,
      "uvlock": true
    },
    "face=wall,facing=north,powered=false": {
      "model": "minecraft:block/polished_blackstone_button",
      "x": 90,
      "uvlock": true
    },
    "face=wall,facing=north,powered=true": {
      "model": "minecraft:block/polished_blackstone_button_pressed",
      "x": 90,
      "uvlock": true
    },
    "face=wall,facing=south,powered=false": {
      "model": "minecraft:block/polished_blackstone_button",
      "y": 180,
      "x": 90,
      "uvlock": true
    },
    "face=wall,facing=south,powered=true": {
      "model": "minecraft:block/polished_blackstone_button_pressed",
      "y": 180,
      "x": 90,
      "uvlock": true
    },
    "face=wall,facing=west,powered=false": {
      "model": "minecraft:block/polished_blackstone_button",
      "y": 270,
      "x": 90,
      "uvlock": true
    },
    "face=wall,facing=west,powered=true": {
      "model": "minecraft:block/polished_blackstone_button_pressed",
      "y": 270,
      "x": 90,
      "uvlock": true
    }
  }
}