{
  "variants": {
    "type=bottom": [
	  {
        "model": "minecraft:block/stone_slab"
      },
	  {
        "model": "minecraft:block/stone_slab",
        "y": 180
      }
	],
    "type=double": [ 
	  {
        "model": "minecraft:block/stone"
      },
      {
        "model": "minecraft:block/stone_mirrored"
      },
      {
        "model": "minecraft:block/stone",
        "y": 180
      },
      {
        "model": "minecraft:block/stone_mirrored",
        "y": 180
      }
	],
    "type=top": [
	  {
        "model": "minecraft:block/stone_slab_top"
      },
	  {
        "model": "minecraft:block/stone_slab_top",
        "y": 180
      }
	]
  }
}