{
  "variants": {

    "type=bottom": [
      {				   "model": "minecraft:block/exposed_cut_copper_slab", "weight": 3},      
	{	"model": "minecraft:block/blockstates_random/exposed_cut_copper_slab_2", "weight": 1},      
	{	"model": "minecraft:block/blockstates_random/exposed_cut_copper_slab_3", "weight": 1}

    ],

    "type=double": [
      {					   "model": "minecraft:block/exposed_cut_copper", "weight": 3},      
	{		"model": "minecraft:block/blockstates_random/exposed_cut_copper_2", "weight": 1},      
	{		"model": "minecraft:block/blockstates_random/exposed_cut_copper_3", "weight": 1}
    ],

    "type=top": [
      {				   "model": "minecraft:block/exposed_cut_copper_slab_top", "weight": 3},      
	{	"model": "minecraft:block/blockstates_random/exposed_cut_copper_slab_top_2", "weight": 1},      
	{	"model": "minecraft:block/blockstates_random/exposed_cut_copper_slab_top_3", "weight": 1}
    ]

  }
}