{
	"credit": "Made by SweatyYeti",
	"ambientocclusion": false,
	"textures": {
		"particle": "block/component_base",
		"base": "block/component_base",
		"side": "block/component_side",
		"torch": "block/redstone_torch32",
		"comparator_on": "block/comparator_on"
	},
	"elements": [
		{
			"name": "base",
			"from": [0, 0, 0],
			"to": [16, 2, 16],
			"faces": {
				"north": {"uv": [0, 14, 16, 16], "texture": "#side", "cullface": "north"},
				"east": {"uv": [0, 14, 16, 16], "texture": "#side", "cullface": "east"},
				"south": {"uv": [0, 14, 16, 16], "texture": "#side", "cullface": "south"},
				"west": {"uv": [0, 14, 16, 16], "texture": "#side", "cullface": "west"},
				"up": {"uv": [0, 0, 16, 16], "texture": "#comparator_on"},
				"down": {"uv": [0, 0, 16, 16], "texture": "#base", "cullface": "down"}
			}
		},
		{
			"name": "torch1",
			"from": [4, 2, 11],
			"to": [6, 7, 13],
			"faces": {
				"north": {"uv": [7, 6, 9, 11], "texture": "#torch"},
				"east": {"uv": [7, 6, 9, 11], "texture": "#torch"},
				"south": {"uv": [7, 6, 9, 11], "texture": "#torch"},
				"west": {"uv": [7, 6, 9, 11], "texture": "#torch"},
				"up": {"uv": [7, 6, 9, 8], "texture": "#torch"}
			}
		},
		{
			"name": "torch1_glow",
			"from": [6.5, 7.5, 13.5],
			"to": [3.5, 4.5, 10.5],
			"faces": {
				"north": {"uv": [7, 5, 8, 6], "texture": "#torch"},
				"east": {"uv": [7, 5, 8, 6], "texture": "#torch"},
				"south": {"uv": [7, 5, 8, 6], "texture": "#torch"},
				"west": {"uv": [7, 5, 8, 6], "texture": "#torch"},
				"up": {"uv": [7, 5, 8, 6], "texture": "#torch"},
				"down": {"uv": [7, 5, 8, 6], "texture": "#torch"}
			}
		},
		{
			"name": "torch2",
			"from": [10, 2, 11],
			"to": [12, 7, 13],
			"faces": {
				"north": {"uv": [7, 6, 9, 11], "texture": "#torch"},
				"east": {"uv": [7, 6, 9, 11], "texture": "#torch"},
				"south": {"uv": [7, 6, 9, 11], "texture": "#torch"},
				"west": {"uv": [7, 6, 9, 11], "texture": "#torch"},
				"up": {"uv": [7, 6, 9, 8], "texture": "#torch"}
			}
		},
		{
			"name": "torch2_glow",
			"from": [12.5, 7.5, 13.5],
			"to": [9.5, 4.5, 10.5],
			"faces": {
				"north": {"uv": [7, 5, 8, 6], "texture": "#torch"},
				"east": {"uv": [7, 5, 8, 6], "texture": "#torch"},
				"south": {"uv": [7, 5, 8, 6], "texture": "#torch"},
				"west": {"uv": [7, 5, 8, 6], "texture": "#torch"},
				"up": {"uv": [7, 5, 8, 6], "texture": "#torch"},
				"down": {"uv": [7, 5, 8, 6], "texture": "#torch"}
			}
		},
		{
			"name": "subtractor",
			"from": [7, 2, 2],
			"to": [9, 4, 4],
			"faces": {
				"north": {"uv": [7, 6, 9, 8], "texture": "#torch"},
				"east": {"uv": [7, 6, 9, 8], "texture": "#torch"},
				"south": {"uv": [7, 6, 9, 8], "texture": "#torch"},
				"west": {"uv": [7, 6, 9, 8], "texture": "#torch"},
				"up": {"uv": [7, 6, 9, 8], "texture": "#torch"}
			}
		},
		{
			"name": "subtractor_glow",
			"from": [9.5, 4.5, 4.5],
			"to": [6.5, 2.01, 1.5],
			"faces": {
				"north": {"uv": [7, 5, 8, 6], "texture": "#torch"},
				"east": {"uv": [7, 5, 8, 6], "texture": "#torch"},
				"south": {"uv": [7, 5, 8, 6], "texture": "#torch"},
				"west": {"uv": [7, 5, 8, 6], "texture": "#torch"},
				"up": {"uv": [7, 5, 8, 6], "texture": "#torch"},
				"down": {"uv": [7, 5, 8, 6], "texture": "#torch"}
			}
		}
	]
}