{
	"credit": "Made by SweatyYeti",
	"parent": "block/orientable",
	"textures": {
		"back": "block/dropper_back",
		"front": "block/dropper_front",
		"particle": "block/dropper_side",
		"side": "block/dropper_side",
		"top": "block/dropper_top",
		"bottom": "block/dropper_bottom"
	},
	"elements": [
		{
			"from": [0, 0, 0],
			"to": [16, 16, 16],
			"faces": {
				"north": {"uv": [0, 0, 16, 16], "texture": "#front", "cullface": "north"},
				"east": {"uv": [16, 0, 0, 16], "texture": "#side", "cullface": "east"},
				"south": {"uv": [0, 0, 16, 16], "texture": "#back", "cullface": "south"},
				"west": {"uv": [0, 0, 16, 16], "texture": "#side", "cullface": "west"},
				"up": {"uv": [0, 0, 16, 16], "texture": "#top", "cullface": "up"},
				"down": {"uv": [0, 0, 16, 16], "texture": "#bottom", "cullface": "down"}
			}
		}
	]
}