{
	"credit": "Made by SweatyYeti",
	"ambientocclusion": false,
	"textures": {
		"particle": "block/lever_base",
		"base": "block/lever_base",
		"lever": "block/lever"
	},
	"elements": [
		{
			"name": "base",
			"from": [5, 0, 4],
			"to": [11, 3, 12],
			"faces": {
				"north": {"uv": [0, 0, 6, 3], "texture": "#base"},
				"east": {"uv": [5, 0, 13, 3], "texture": "#base"},
				"south": {"uv": [0, 0, 6, 3], "texture": "#base"},
				"west": {"uv": [5, 0, 13, 3], "texture": "#base"},
				"up": {"uv": [0, 2, 6, 10], "texture": "#base"},
				"down": {"uv": [0, 2, 6, 10], "texture": "#base", "cullface": "down"}
			}
		},
		{
			"name": "handle",
			"from": [7, 1, 7],
			"to": [9, 11, 9],
			"rotation": {"angle": 45, "axis": "x", "origin": [8, 1, 8]},
			"faces": {
				"north": {"uv": [7, 3, 9, 13], "texture": "#lever"},
				"east": {"uv": [7, 3, 9, 13], "texture": "#lever"},
				"south": {"uv": [7, 3, 9, 13], "texture": "#lever"},
				"west": {"uv": [7, 3, 9, 13], "texture": "#lever"},
				"up": {"uv": [7, 3, 9, 5], "texture": "#lever"}
			}
		}
	]
}