{
	"credit": "Made by SweatyYeti",
	"parent": "block/block",
	"ambientocclusion": false,
	"textures": {
		"particle": "block/lightning_rod",
		"texture": "block/lightning_rod"
	},
	"elements": [
		{
			"from": [6, 12, 6],
			"to": [10, 16, 10],
			"faces": {
				"north": {"uv": [0, 0, 4, 4], "texture": "#texture"},
				"east": {"uv": [0, 0, 4, 4], "texture": "#texture"},
				"south": {"uv": [0, 0, 4, 4], "texture": "#texture"},
				"west": {"uv": [0, 0, 4, 4], "texture": "#texture"},
				"up": {"uv": [4, 4, 0, 0], "texture": "#texture"},
				"down": {"uv": [0, 0, 4, 4], "texture": "#texture"}
			}
		},
		{
			"from": [7, 0, 7],
			"to": [9, 12, 9],
			"faces": {
				"north": {"uv": [0, 4, 2, 16], "texture": "#texture"},
				"east": {"uv": [2, 4, 0, 16], "texture": "#texture"},
				"south": {"uv": [0, 4, 2, 16], "texture": "#texture"},
				"west": {"uv": [2, 4, 0, 16], "texture": "#texture"},
				"down": {"uv": [0, 4, 2, 6], "texture": "#texture"}
			}
		}
	],
	"display": {
		"thirdperson_righthand": {
			"translation": [0, 2, 0.5],
			"scale": [0.4, 0.4, 0.4]
		},
		"thirdperson_lefthand": {
			"translation": [0, 2, 0.5],
			"scale": [0.4, 0.4, 0.4]
		},
		"firstperson_righthand": {
			"rotation": [0, 45, 0],
			"scale": [0.4, 0.4, 0.4]
		},
		"firstperson_lefthand": {
			"rotation": [0, 225, 0],
			"scale": [0.4, 0.4, 0.4]
		},
		"ground": {
			"translation": [0, 3, 0],
			"scale": [0.25, 0.25, 0.25]
		},
		"gui": {
			"rotation": [30, 225, 0],
			"scale": [0.625, 0.625, 0.625]
		},
		"head": {
			"rotation": [-180, 0, 0],
			"translation": [8.5, 4, 0]
		},
		"fixed": {
			"scale": [0.5, 0.5, 0.5]
		}
	}
}