{
	"credit": "Made by SweatyYeti",
	"textures": {
		"arm_inner": "block/piston_arm_inner",
		"arm_outer": "block/piston_arm_outer",
		"platform_side": "block/piston_side",
		"particle": "block/piston_top",
		"platform_front": "block/piston_top"
	},
	"elements": [
		{
			"name": "piston_head",
			"from": [0, 0, 0],
			"to": [16, 16, 4],
			"faces": {
				"north": {"uv": [0, 0, 16, 16], "texture": "#platform_front", "cullface": "north"},
				"east": {"uv": [0, 0, 16, 4], "rotation": 90, "texture": "#platform_side", "cullface": "east"},
				"south": {"uv": [0, 0, 16, 16], "texture": "#platform_front"},
				"west": {"uv": [0, 0, 16, 4], "rotation": 270, "texture": "#platform_side", "cullface": "west"},
				"up": {"uv": [0, 0, 16, 4], "texture": "#platform_side", "cullface": "up"},
				"down": {"uv": [0, 0, 16, 4], "rotation": 180, "texture": "#platform_side", "cullface": "down"}
			}
		},
		{
			"name": "piston_arm_inner",
			"from": [6, 6, 4],
			"to": [10, 10, 20],
			"faces": {
				"east": {"uv": [0, 0, 16, 4], "texture": "#arm_inner"},
				"west": {"uv": [16, 0, 0, 4], "texture": "#arm_inner"},
				"up": {"uv": [0, 0, 16, 4], "rotation": 270, "texture": "#arm_inner"},
				"down": {"uv": [0, 0, 16, 4], "rotation": 90, "texture": "#arm_inner"}
			}
		},
		{
			"name": "piston_arm_outer",
			"from": [5, 5, 12],
			"to": [11, 11, 20],
			"faces": {
				"north": {"uv": [6, 6, 0, 0], "texture": "#arm_outer"},
				"east": {"uv": [6, 14, 0, 6], "rotation": 270, "texture": "#arm_outer"},
				"west": {"uv": [0, 14, 6, 6], "rotation": 90, "texture": "#arm_outer"},
				"up": {"uv": [6, 14, 0, 6], "rotation": 180, "texture": "#arm_outer"},
				"down": {"uv": [6, 14, 0, 6], "texture": "#arm_outer"}
			}
		}
	]
}