{
	"credit": "Made by SweatyYeti",
	"ambientocclusion": false,
	"textures": {
		"particle": "block/component_base",
		"base": "block/component_base",
		"torch_off": "block/redstone_torch32",
		"repeater": "block/repeater_on",
		"side": "block/component_side"
	},
	"elements": [
		{
			"name": "base",
			"from": [0, 0, 0],
			"to": [16, 2, 16],
			"faces": {
				"north": {"uv": [0, 14, 16, 16], "texture": "#side", "cullface": "north"},
				"east": {"uv": [0, 14, 16, 16], "texture": "#side", "cullface": "east"},
				"south": {"uv": [0, 14, 16, 16], "texture": "#side", "cullface": "south"},
				"west": {"uv": [0, 14, 16, 16], "texture": "#side", "cullface": "west"},
				"up": {"uv": [0, 0, 16, 16], "texture": "#repeater"},
				"down": {"uv": [0, 0, 16, 16], "texture": "#base", "cullface": "down"}
			}
		},
		{
			"name": "torch1",
			"from": [7, 2, 2],
			"to": [9, 7, 4],
			"faces": {
				"north": {"uv": [7, 6, 9, 11], "texture": "#torch_off"},
				"east": {"uv": [7, 6, 9, 11], "texture": "#torch_off"},
				"south": {"uv": [7, 6, 9, 11], "texture": "#torch_off"},
				"west": {"uv": [7, 6, 9, 11], "texture": "#torch_off"},
				"up": {"uv": [7, 6, 9, 8], "texture": "#torch_off"}
			}
		},
		{
			"name": "torch1_glow",
			"from": [9.5, 7.5, 4.5],
			"to": [6.5, 4.5, 1.5],
			"faces": {
				"north": {"uv": [7, 5, 8, 6], "texture": "#torch_off"},
				"east": {"uv": [7, 5, 8, 6], "texture": "#torch_off"},
				"south": {"uv": [7, 5, 8, 6], "texture": "#torch_off"},
				"west": {"uv": [7, 5, 8, 6], "texture": "#torch_off"},
				"up": {"uv": [7, 5, 8, 6], "texture": "#torch_off"},
				"down": {"uv": [7, 5, 8, 6], "texture": "#torch_off"}
			}
		},
		{
			"name": "torch2",
			"from": [7, 2, 12],
			"to": [9, 7, 14],
			"faces": {
				"north": {"uv": [7, 6, 9, 11], "texture": "#torch_off"},
				"east": {"uv": [7, 6, 9, 11], "texture": "#torch_off"},
				"south": {"uv": [7, 6, 9, 11], "texture": "#torch_off"},
				"west": {"uv": [7, 6, 9, 11], "texture": "#torch_off"},
				"up": {"uv": [7, 6, 9, 8], "texture": "#torch_off"}
			}
		},
		{
			"name": "torch2_glow",
			"from": [9.5, 7.5, 14.5],
			"to": [6.5, 4.5, 11.5],
			"faces": {
				"north": {"uv": [7, 5, 8, 6], "texture": "#torch_off"},
				"east": {"uv": [7, 5, 8, 6], "texture": "#torch_off"},
				"south": {"uv": [7, 5, 8, 6], "texture": "#torch_off"},
				"west": {"uv": [7, 5, 8, 6], "texture": "#torch_off"},
				"up": {"uv": [7, 5, 8, 6], "texture": "#torch_off"},
				"down": {"uv": [7, 5, 8, 6], "texture": "#torch_off"}
			}
		}
	]
}