{
	"credit": "Made by SweatyYeti",
	"ambientocclusion": false,
	"textures": {
		"particle": "block/component_base",
		"base": "block/component_base",
		"torch_off": "block/redstone_torch_off",
		"repeater": "block/repeater",
		"side": "block/component_side",
		"lock": "block/repeater_lock"
	},
	"elements": [
		{
			"name": "base",
			"from": [0, 0, 0],
			"to": [16, 2, 16],
			"faces": {
				"north": {"uv": [0, 14, 16, 16], "texture": "#side", "cullface": "north"},
				"east": {"uv": [0, 14, 16, 16], "texture": "#side", "cullface": "east"},
				"south": {"uv": [0, 14, 16, 16], "texture": "#side", "cullface": "south"},
				"west": {"uv": [0, 14, 16, 16], "texture": "#side", "cullface": "west"},
				"up": {"uv": [0, 0, 16, 16], "texture": "#repeater"},
				"down": {"uv": [0, 0, 16, 16], "texture": "#base", "cullface": "down"}
			}
		},
		{
			"name": "torch",
			"from": [7, 2, 2],
			"to": [9, 7, 4],
			"faces": {
				"north": {"uv": [7, 6, 9, 11], "texture": "#torch_off"},
				"east": {"uv": [7, 6, 9, 11], "texture": "#torch_off"},
				"south": {"uv": [7, 6, 9, 11], "texture": "#torch_off"},
				"west": {"uv": [7, 6, 9, 11], "texture": "#torch_off"},
				"up": {"uv": [7, 6, 9, 8], "texture": "#torch_off"}
			}
		},
		{
			"name": "lock",
			"from": [2, 2, 10],
			"to": [14, 4, 12],
			"faces": {
				"north": {"uv": [4, 9, 16, 11], "texture": "#lock"},
				"east": {"uv": [1, 2, 3, 4], "rotation": 180, "texture": "#lock"},
				"south": {"uv": [4, 4, 16, 6], "texture": "#lock"},
				"west": {"uv": [1, 12, 3, 14], "texture": "#lock"},
				"up": {"uv": [1, 2, 3, 14], "rotation": 90, "texture": "#lock"}
			}
		}
	]
}