{
	"credit": "Made by SweatyYeti",
	"textures": {
		"2": "block/tripwire_hook_base",
		"hook": "block/tripwire_hook",
		"particle": "block/tripwire_hook_base",
		"tripwire": "block/tripwire"
	},
	"elements": [
		{
			"from": [7.75, 0.5, 0],
			"to": [8.25, 0.5, 6.7],
			"rotation": {"angle": -22.5, "axis": "x", "origin": [8, 0, 0], "rescale": true},
			"faces": {
				"up": {"uv": [0, 6, 16, 8], "rotation": 90, "texture": "#tripwire"},
				"down": {"uv": [16, 6, 0, 8], "rotation": 90, "texture": "#tripwire"}
			}
		},
		{
			"from": [6.2, 3.4, 6.7],
			"to": [9.8, 4.2, 10.3],
			"faces": {
				"north": {"uv": [5, 3, 11, 4], "texture": "#hook"},
				"east": {"uv": [5, 3, 11, 4], "texture": "#hook"},
				"south": {"uv": [5, 8, 11, 9], "texture": "#hook"},
				"west": {"uv": [5, 8, 11, 9], "texture": "#hook"},
				"up": {"uv": [5, 3, 11, 9], "texture": "#hook"},
				"down": {"uv": [5, 3, 11, 9], "texture": "#hook"}
			}
		},
		{
			"from": [7.4, 3.4, 9.1],
			"to": [8.6, 4.2, 9.1],
			"faces": {
				"north": {"uv": [7, 8, 9, 9], "texture": "#hook"}
			}
		},
		{
			"from": [7.4, 3.4, 7.9],
			"to": [8.6, 4.2, 7.9],
			"faces": {
				"south": {"uv": [7, 3, 9, 4], "texture": "#hook"}
			}
		},
		{
			"from": [7.4, 3.4, 7.9],
			"to": [7.4, 4.2, 9.1],
			"faces": {
				"east": {"uv": [7, 8, 9, 9], "texture": "#hook"}
			}
		},
		{
			"from": [8.6, 3.4, 7.9],
			"to": [8.6, 4.2, 9.1],
			"faces": {
				"west": {"uv": [7, 3, 9, 4], "texture": "#hook"}
			}
		},
		{
			"from": [7.4, 5.2, 10],
			"to": [8.8, 6.8, 14],
			"rotation": {"angle": -22.5, "axis": "x", "origin": [8, 6, 14]},
			"faces": {
				"north": {"uv": [14, 4, 15, 6], "texture": "#2"},
				"east": {"uv": [0, 8, 4, 10], "texture": "#2"},
				"south": {"uv": [15, 4, 16, 6], "texture": "#2"},
				"west": {"uv": [4, 8, 8, 10], "texture": "#2"},
				"up": {"uv": [12, 8, 13, 4], "texture": "#2"},
				"down": {"uv": [13, 4, 14, 8], "texture": "#2"}
			}
		},
		{
			"from": [6, 1, 14],
			"to": [10, 9, 16],
			"faces": {
				"north": {"uv": [0, 0, 4, 8], "texture": "#2"},
				"east": {"uv": [10, 0, 12, 8], "texture": "#2"},
				"south": {"uv": [4, 0, 8, 8], "texture": "#2", "cullface": "south"},
				"west": {"uv": [8, 0, 10, 8], "texture": "#2"},
				"up": {"uv": [12, 0, 16, 2], "texture": "#2"},
				"down": {"uv": [12, 2, 16, 4], "texture": "#2"}
			}
		}
	]
}